country_id,variant_id,content_entry_id,variant_type,is_primary_study_variant,official_status,graphic_elements,decision,decision_reason,source_ids,primary_source_urls,review_status,checked_at,notes
mexico,mexico-national-flag,mexico-national-flag,national,true,official,bird|animal|plant,eligible,Уже опубликовано; требуется повторная проверка источников и варианта.,mx-symbols|mx-flag-history,https://www.gob.mx/semarnat/articulos/escudo-y-labaro-patrio-simbolismo-de-historia-mito-y-biodiversidad-217105|https://www.inah.gob.mx/foto-del-dia/bandera-simbolo-de-identidad-y-unidad,needs_revalidation,2026-09-22,
india,india-national-flag,india-national-flag,national,true,official,other,eligible,Уже опубликовано; требуется повторная проверка источников и варианта.,in-flag,https://knowindia.india.gov.in/my-india-my-pride/indian-tricolor.php,needs_revalidation,2026-09-22,
brazil,brazil-national-flag,brazil-national-flag,national,true,official,constellation|inscription,eligible,Уже опубликовано; требуется повторная проверка источников и варианта.,br-flag,https://www.gov.br/planalto/pt-br/conheca-a-presidencia/biblioteca-da-pr/simbolos-nacionais/bandeira/bandeira-nacional,needs_revalidation,2026-09-22,
canada,canada-national-flag,canada-national-flag,national,true,official,leaf,eligible,Уже опубликовано; требуется повторная проверка источников и варианта.,ca-flag|ca-flag-history,https://www.canada.ca/en/canadian-heritage/services/flag-canada-description.html|https://www.canada.ca/en/canadian-heritage/services/flag-canada-origin.html,needs_revalidation,2026-09-22,
afghanistan,afghanistan-current-flag-unresolved,,national,false,disputed,inscription|emblem,deferred,Текущий официальный вариант и его международный статус нельзя надёжно подтвердить найденным первичным источником; Конституция 2004 года описывает прежний республиканский флаг.,af-constitution-2004,https://moj.gov.af/en/node/450,sources_checked,2026-09-22,Не публиковать до разрешения расхождения между действующим де-факто использованием и прежним конституционным символом.
albania,albania-national-flag,albania-national-flag,national,true,official,bird,eligible,На красном поле расположен чёрный двуглавый орёл; отдельный узнаваемый графический символ подтверждён статьёй 14 Конституции.,al-constitution|al-president-symbols,https://www.president.al/wp-content/uploads/2018/04/kushtetuta.pdf|https://president.al/simbolet/,reviewed,2026-09-22,Опубликовано в первом пользовательском пакете 2026-09-22.
algeria,algeria-national-flag,algeria-national-flag,national,true,official,crescent|star,eligible,Закон устанавливает зелёно-белый флаг с красными полумесяцем и звездой; символы проходят критерий отбора.,dz-flag-law-1963,https://www.joradp.dz/FTP/Jo-Francais/1963/F1963026.pdf,reviewed,2026-09-22,
andorra,andorra-national-flag,,national,true,official,coat_of_arms,eligible,Традиционный флаг содержит герб в центре жёлтой полосы и имеет отдельный узнаваемый графический элемент.,ad-state-signs-law|ad-state-signs-office,https://www.govern.ad/documents/d/guest/llei_se_versio_consolidada_2022-pdf?download=true|https://www.govern.ad/ca/tematiques/empresa-i-emprenedoria/ompa/signes-d-estat/sobre-els-signes-d-estat,sources_checked,2026-09-22,
andorra,andorra-reduced-flag-representation,,other_official,false,limited_format,,excluded,Вне нового каталога: публикуется только один национальный или государственный флаг страны.,ad-state-signs-law,https://www.govern.ad/documents/d/guest/llei_se_versio_consolidada_2022-pdf?download=true,sources_checked,2026-09-24,Не считать отдельным основным флагом; строка сохраняет явное отрицательное решение по допустимому варианту воспроизведения.
angola,angola-national-flag,angola-national-flag,national,true,official,gear|machete|star,eligible,"В центре флага находятся часть зубчатого колеса, мачете и звезда; официальный источник описывает их вид и значение.",ao-national-symbols,https://governo.gov.ao/angola/simbolos-nacionais,reviewed,2026-09-22,Опубликовано в первом пользовательском пакете 2026-09-22.
antigua-and-barbuda,antigua-and-barbuda-national-flag,antigua-and-barbuda-national-flag,national,true,official,sun,eligible,Флаг содержит восходящее солнце с семью лучами; официальный источник подтверждает вид и значение.,ag-national-symbols,https://www.ab.gov.ag/detail_template.php?page=aboutAB%2Four_national_symbols,reviewed,2026-09-22,
azerbaijan,azerbaijan-state-flag,azerbaijan-state-flag,national,true,official,crescent|star,eligible,"Государственный флаг содержит белые полумесяц и восьмиконечную звезду, подтверждённые конституционным законом.",az-state-symbols|az-flag-law,https://president.az/ru/pages/view/azerbaijan/symbols|https://president.az/ru/articles/view/30708,reviewed,2026-09-22,Опубликовано в первом пользовательском пакете 2026-09-22.
argentina,argentina-national-flag,argentina-national-flag,national,true,official,sun,eligible,Официальный флаг содержит Солнце мая; отдельный графический символ подтверждён государственным источником.,ar-flag|ar-symbols-decree,https://www.argentina.gob.ar/pais/simbolos/bandera|https://www.argentina.gob.ar/normativa/nacional/59311/actualizacion,reviewed,2026-09-22,Опубликовано в первом пользовательском пакете 2026-09-22.
australia,australia-national-flag,australia-national-flag,national,true,official,constellation|star|union_jack,eligible,"Национальный флаг содержит Union Jack, Звезду Содружества и созвездие Южного Креста.",au-national-flag,https://www.pmc.gov.au/honours-and-symbols/australian-national-symbols/australian-national-flag,reviewed,2026-09-22,
australia,australia-red-ensign,,civil_ensign,false,official,constellation|star|union_jack,excluded,Вне нового каталога: публикуется только один национальный или государственный флаг страны.,au-flags,https://www.pmc.gov.au/honours-and-symbols/australian-national-symbols/australian-flags,reviewed,2026-09-24,
austria,austria-national-flag,,national,false,official,,excluded,Флаг Республики состоит только из трёх равных красно-бело-красных горизонтальных полос без отдельного графического символа.,at-constitution-art-8a|at-arms-law-sec-3,https://ris.bka.gv.at/eli/bgbl/1930/1/A8a/NOR40045733|https://ris.bka.gv.at/NormDokument.wxe?Abfrage=Bundesnormen&Gesetzesnummer=10000782&Paragraf=3,sources_checked,2026-09-22,
austria,austria-federal-service-flag,austria-federal-service-flag,state,true,restricted_official_use,coat_of_arms|bird|tools,eligible,Dienstflagge des Bundes помещает федеральный герб в центр полос и поэтому имеет узнаваемый графический символ; право использования ограничено законом.,at-arms-law-sec-3,https://ris.bka.gv.at/NormDokument.wxe?Abfrage=Bundesnormen&Gesetzesnummer=10000782&Paragraf=3,reviewed,2026-09-22,"В карточке обязательно пояснить, что это федеральный служебный флаг, а не основной гражданский флаг. Опубликовано в первом пользовательском пакете 2026-09-22."
bahamas,bahamas-national-flag,bahamas-national-flag,national,true,official,,eligible,Национальный флаг включён по новому правилу; простой рисунок не является основанием для исключения.,bs-symbols-law,https://laws.bahamas.gov.bs/cms/images/LEGISLATION/PRINCIPAL/1973/1973-0020/1973-0020_1.pdf,reviewed,2026-09-24,
bahrain,bahrain-national-flag,bahrain-national-flag,national,true,official,,eligible,Национальный флаг включён по новому правилу; простой рисунок не является основанием для исключения.,bh-constitution|bh-flag-law-reference|bh-national-flag-guide,https://www.legalaffairs.gov.bh/en/page/The%20Constitution%20of%20the%20Kingdom%20of%20Bahrain|https://www.legalaffairs.gov.bh/Legislation/HTM/O1624|https://www.edunet.bh/e_content/level_1/stage_1/subject_ID_4/Part_3/e_books/Flag--guide---English%281%29/Flag--guide---English%281%29.pdf,reviewed,2026-09-24,"Конституция подтверждает статус флага, правительственный путеводитель — рисунок. Закон № 4/2002 о флаге ранее не был доступен напрямую."
bangladesh,bangladesh-national-flag,bangladesh-national-flag,national,true,official,sun,eligible,Национальный флаг содержит красный круг на зелёном поле; МИД Бангладеш прямо объясняет круг как восходящее солнце.,bd-constitution-art-4|bd-flag-rules-1972|bd-mofa-flag-meaning|bd-national-symbols-order-1972-schedule,https://bdlaws.minlaw.gov.bd/act-print-367/section-print-24551.html|https://file.mofa.gov.bd/uploads/17a82527-2d2c-43fa-a913-76a534396210/667/28a/b0a/66728ab0a55a7907618245.pdf|https://file.mofa.gov.bd/uploads/fc62c7e3-a682-44ed-bb28-99e741c6cd53/639/52a/fdd/63952afdd3fd6124877543.pdf|https://bdlaws.minlaw.gov.bd/upload/act/418___Schedule.pdf,reviewed,2026-09-23,"Перед публикацией карточки повторно открыть PDF МИД: поисковый индекс показал текст, но прямое открытие во время проверки завершилось тайм-аутом."
armenia,armenia-national-flag,armenia-national-flag,national,true,official,,eligible,Национальный флаг включён по новому правилу; простой рисунок не является основанием для исключения.,am-president-state-symbols,https://www.president.am/en/state-symbols/,reviewed,2026-09-24,
barbados,barbados-national-flag,barbados-national-flag,national,true,official,trident,eligible,Национальный флаг имеет чёрный сломанный трезубец в центре золотой полосы; знак прямо описан в законе.,bb-national-emblems-regulations,https://www.barbadoslawcourts.gov.bb/assets/content/pdfs/subsidiary_legislation_of_barbados/NationalEmblemsandNationalAnthemofBarbadosRegulations%2C1976Cap300A%27A.pdf,reviewed,2026-09-23,
belgium,belgium-national-flag,belgium-national-flag,national,true,official,,eligible,Национальный флаг включён по новому правилу; простой рисунок не является основанием для исключения.,be-government-flags,https://www.belgium.be/en/about_belgium/country/belgium_in_nutshell/symbols/flags,reviewed,2026-09-24,
belgium,belgium-state-ensign-candidate,,state_ensign,false,unconfirmed,lion|crown,excluded,Вне нового каталога: публикуется только один национальный или государственный флаг страны.,,,sources_checked,2026-09-24,Федеральная страница описывает лишь обычный флаг; найденные упоминания морского варианта не подтверждены первичным источником. Проверить официальный морской акт перед решением eligible/excluded.
bhutan,bhutan-national-flag,bhutan-national-flag,national,true,official,dragon|jewel,eligible,На национальном флаге изображён белый дракон поверх жёлтого и оранжевого полей; Конституция объясняет его значение.,bt-constitution-first-schedule,https://www.rcsc.gov.bt/wp-content/uploads/2021/02/Constitution-of-Bhutan-Eng-2008.pdf,reviewed,2026-09-23,
bolivia,bolivia-national-tricolor,,national,false,official,,excluded,Выбран более подробный государственный вариант того же триколора с гербом по статье 9 декрета 241.,bo-constitution-art-6|bo-decree-241-parliament-copy,https://www.senapi.gob.bo/normativas/constitucion-politica-del-estado/constitucion-politica-del-estado-plurinacional-de-bolivia|https://diputados.gob.bo/wp-content/uploads/2023/02/PL-137-2022-2023.pdf,sources_checked,2026-09-24,
bolivia,bolivia-wiphala,,other_official,false,official,multicolor_grid,excluded,Вне нового каталога: публикуется только один национальный или государственный флаг страны.,bo-constitution-art-6|bo-decree-241-parliament-copy,https://www.senapi.gob.bo/normativas/constitucion-politica-del-estado/constitucion-politica-del-estado-plurinacional-de-bolivia|https://diputados.gob.bo/wp-content/uploads/2023/02/PL-137-2022-2023.pdf,sources_checked,2026-09-24,
bosnia-and-herzegovina,bosnia-and-herzegovina-national-flag,bosnia-and-herzegovina-national-flag,national,true,official,stars,eligible,Закон о флаге определяет ряд белых пятиконечных звёзд вдоль жёлтого треугольника на синем фоне.,ba-flag-law-parliament,https://www.parlament.ba/law/DownloadDocument?langTag=bs&lawDocumentId=39682910-7bc4-4b7e-a326-5d6c59109acd,reviewed,2026-09-23,
botswana,botswana-national-flag,botswana-national-flag,national,true,official,plain_horizontal_bands,eligible,Национальный флаг включён по новому правилу; простой рисунок не является основанием для исключения.,bw-national-symbols-bopa,https://dailynews.gov.bw/news-detail/31255,reviewed,2026-09-24,
botswana,botswana-presidential-standard,,other_official,false,official,coat_of_arms,excluded,Вне нового каталога: публикуется только один национальный или государственный флаг страны.,bw-national-symbols-bopa,https://dailynews.gov.bw/news-detail/31255,reviewed,2026-09-24,
brazil,brazil-presidential-standard,,other_official,false,official,unverified,excluded,Вне нового каталога: публикуется только один национальный или государственный флаг страны.,br-ceremonial-decree-70274,https://www.presidencia.gov.br/ccivil_03/decreto/d70274.htm,sources_checked,2026-09-24,Проверить современный официальный образец и права на конкретный SVG.
brazil,brazil-vice-presidential-standard,,other_official,false,official,unverified,excluded,Вне нового каталога: публикуется только один национальный или государственный флаг страны.,br-ceremonial-decree-70274,https://www.presidencia.gov.br/ccivil_03/decreto/d70274.htm,sources_checked,2026-09-24,
belize,belize-national-flag,,national,true,official,coat_of_arms|people|ship|tree|tools|inscription,eligible,Приложение I к закону 2025 года устанавливает синий флаг с красными полосами и гербом в белом круге; присутствуют многочисленные отдельные графические символы.,bz-national-symbols-act-2025|bz-merchant-ships-2010,https://www.agm.gov.bz/uploads/laws/67fe7b9cbe9a7_Act_No._09_of_2025_National_Symbols_Act__2025.pdf|https://ifsc.gov.bz/wp-content/uploads/2019/10/Merchant-Ships-Registration-Act-2010-No.-22-of-2010.pdf,sources_checked,2026-09-23,Публикация карточки ожидает выяснения прав на дизайн по статье 11 закона.
solomon-islands,solomon-islands-national-flag,solomon-islands-national-flag,national,true,official,stars,eligible,Правительственные публикации показывают пять белых звёзд на синем поле национального флага; закон о судоходстве подтверждает его национальный статус.,sb-shipping-act-sima|sb-policy-statement-2024,https://www.sima.gov.sb/wp-content/uploads/Shipping-Act-1998-Amended-Consolidated-Version-01-01-2021.pdf|https://solomons.gov.sb/wp-content/uploads/2024/06/Policy-Statement-TUESDAY-6PM-Final.pdf,reviewed,2026-09-23,
solomon-islands,solomon-islands-government-ensign,,state_ensign,false,official,emblem_unverified,excluded,Вне нового каталога: публикуется только один национальный или государственный флаг страны.,sb-general-orders-pso,https://www.pso.gov.sb/index.php/resources/employment-law/general-orders/99-18-chapter-v-miscellaneous-provision/file.html,sources_checked,2026-09-24,
solomon-islands,solomon-islands-governor-general-standard,,other_official,false,official,unverified,excluded,Вне нового каталога: публикуется только один национальный или государственный флаг страны.,sb-general-orders-pso,https://www.pso.gov.sb/index.php/resources/employment-law/general-orders/99-18-chapter-v-miscellaneous-provision/file.html,sources_checked,2026-09-24,
solomon-islands,solomon-islands-civil-ensign-candidate,,civil_ensign,false,unconfirmed,none_confirmed,excluded,Вне нового каталога: публикуется только один национальный или государственный флаг страны.,sb-shipping-act-sima,https://www.sima.gov.sb/wp-content/uploads/Shipping-Act-1998-Amended-Consolidated-Version-01-01-2021.pdf,sources_checked,2026-09-24,
brunei,brunei-national-flag,brunei-national-flag,national,true,official,national_emblem|crescent|hands|umbrella|inscription,eligible,Официальное описание Генеральной прокуратуры определяет красную национальную эмблему на жёлтом флаге с белой и чёрной диагональными полосами.,bn-flag-crest-agc,https://www.agc.gov.bn/SitePages/National%20Flag%20and%20Crest.aspx,reviewed,2026-09-23,
brunei,brunei-sultan-standard,,other_official,false,official,unverified,excluded,Вне нового каталога: публикуется только один национальный или государственный флаг страны.,bn-constitution-state-emblems|bn-flags-jain,https://www.agc.gov.bn/AGC%20Images/LOB/cons_doc/constitution_ii.pdf|https://www.adat-istiadat.gov.bn/bendera-panji-panji/,sources_checked,2026-09-24,
brunei,brunei-merchant-ensign-candidate,,civil_ensign,false,unconfirmed,unverified,excluded,Вне нового каталога: публикуется только один национальный или государственный флаг страны.,bn-merchant-shipping-order-2002,https://www.agc.gov.bn/AGC%20Images/LAWS/Gazette_PDF/2002/EN/s027.pdf,sources_checked,2026-09-24,
bulgaria,bulgaria-national-flag,bulgaria-national-flag,national,true,official,horizontal_white_green_red_stripes,eligible,Национальный флаг включён по новому правилу; простой рисунок не является основанием для исключения.,bg-constitution-justice|bg-flag-parliament,https://www.justice.government.bg/home/normdoc/521957377|https://www.parliament.bg/bg/21,reviewed,2026-09-24,
bulgaria,bulgaria-state-protocol-flag-candidate,,other_official,false,unconfirmed,coat_of_arms,excluded,Вне нового каталога: публикуется только один национальный или государственный флаг страны.,bg-coat-decree-132-2009,https://dv.parliament.bg/DVWeb/showMaterialDV.jsp?idMat=21850,sources_checked,2026-09-24,
myanmar,myanmar-national-flag,myanmar-national-flag,national,true,official,five_pointed_star,eligible,Конституция и национальный портал описывают жёлто-зелёно-красное полотнище с большой белой пятиконечной звездой; звезда проходит графический критерий.,mm-constitution-moi|mm-national-symbols-portal|mm-flag-ceremony-moi-2026,https://www.moi.gov.mm/sites/default/files/general-pdf/2020-06/Con%20%26%20Repub%20%28Myanm%20%26%20Eng%29%20Big-1.pdf|https://myanmar.gov.mm/en/web/guest/national-symbols|https://www.moi.gov.mm/moi%3Aeng/index.php/news/20265,reviewed,2026-09-23,
burundi,burundi-national-flag,burundi-national-flag,national,true,official,three_six_pointed_stars,eligible,Конституция и президентская страница подтверждают национальный флаг с тремя красными шестиконечными звёздами на белом диске.,bi-constitution-presidency-2018|bi-flag-presidency,https://www.presidence.gov.bi/wp-content/uploads/2018/07/constitution-promulguee-le-7-juin-2018.pdf|https://presidence.gov.bi/le-drapeau/,reviewed,2026-09-23,
cambodia,cambodia-national-flag,cambodia-national-flag,national,true,official,angkor_wat_temple,eligible,Конституция и правительственный материал показывают белый храм Ангкор-Ват на красной центральной полосе.,kh-constitution-ccc|kh-flag-francophonie-2026|kh-national-symbols-nsdp,https://constitution.ccc.gov.kh/index-en.php|https://www.francophonie2026.gov.kh/en/InformationForVisitor|https://cdc-crdb.gov.kh/en/strategy/documents/nsdp-2019-2023_en.pdf,reviewed,2026-09-23,
cambodia,cambodia-royal-standard,,other_official,false,official,royal_arms_candidate,excluded,Вне нового каталога: публикуется только один национальный или государственный флаг страны.,kh-royal-standard-circular-2018,https://library.ncdd.gov.kh/detail/9809?lang=km,sources_checked,2026-09-24,
belarus,belarus-national-flag,belarus-national-flag,national,true,official,belarusian_ornament,eligible,Правительственная страница описывает красно-зелёный флаг с отдельным вертикальным белорусским орнаментом красного цвета на белом поле.,by-symbols-vitebsk-labor,https://be.vitkomtrud.gov.by/page/gosudarstvennye-simvoly,reviewed,2026-09-23,
belarus,belarus-presidential-standard,,other_official,false,official,state_emblem_candidate,excluded,Вне нового каталога: публикуется только один национальный или государственный флаг страны.,by-standard-cis-2025,https://e-cis.info/news/566/126067/,sources_checked,2026-09-24,
cameroon,cameroon-national-flag,cameroon-national-flag,national,true,official,gold_five_pointed_star,eligible,Конституция и официальный материал показывают золотую пятиконечную звезду на средней красной полосе.,cm-constitution-presidency|cm-flag-presidency-2022,https://www.prc.cm/files/c9/b7/ea/c0609c9d4b1c56a57d25fe5897d534a9.pdf|https://www.prc.cm/files/f6/9e/cd/9e544bcc6412dfd56317bb59a4623fb6.pdf,reviewed,2026-09-23,
cabo-verde,cabo-verde-national-flag,cabo-verde-national-flag,national,true,official,ten_yellow_stars|five_horizontal_bands,eligible,Статья 8 Конституции описывает десять жёлтых звёзд по кругу поверх пяти горизонтальных полей.,cv-constitution-parliament|cv-flag-government,https://www.parlamento.cv/constituicao/pesquisa.php|https://www.governo.cv/o-arquipelago/simbolos/bandeira/,reviewed,2026-09-23,
central-african-republic,central-african-republic-national-flag,central-african-republic-national-flag,national,true,official,yellow_five_pointed_star|red_vertical_band|four_horizontal_bands,eligible,"Статья 1 Конституции 2023 года описывает действующий флаг со звездой, четырьмя горизонтальными и одной вертикальной полосой.",cf-constitution-2023-embassy|cf-symbols-embassy,https://paris.diplomatie.gouv.cf/sites/paris/files/2023-07/Nouvelle-Constitution_RCA_Bonne-Version_2023.pdf|https://paris.diplomatie.gouv.cf/centrafrique/28/ses-symboles,reviewed,2026-09-23,
central-african-republic,central-african-republic-presidential-standard,,other_official,false,unverified,national_flag|presidential_insignia_unverified,excluded,Вне нового каталога: публикуется только один национальный или государственный флаг страны.,cf-constitution-2023-embassy,https://paris.diplomatie.gouv.cf/sites/paris/files/2023-07/Nouvelle-Constitution_RCA_Bonne-Version_2023.pdf,sources_checked,2026-09-24,
sri-lanka,sri-lanka-national-flag,sri-lanka-national-flag,national,true,official,lion_with_sword|four_bo_leaves,eligible,Флаг со львом и мечом и четырьмя листьями бо закреплён Конституцией и описан правительством.,lk-constitution-parliament|lk-overview-government,https://www.parliament.lk/en/constitution-main|https://www.gov.lk/index.php/sri-lanka/country-overview,reviewed,2026-09-23,
sri-lanka,sri-lanka-naval-ensign,,other_official,false,official,national_flag_in_canton|cross,excluded,Вне нового каталога: публикуется только один национальный или государственный флаг страны.,lk-navy-history,https://navy.lk/about-us/history.html,sources_checked,2026-09-24,
sri-lanka,sri-lanka-state-ensign-candidate,,state_ensign,false,unverified,national_flag_in_canton|blue_field_unverified,excluded,Вне нового каталога: публикуется только один национальный или государственный флаг страны.,lk-shipping-rules,https://www.dgshipping.gov.lk/web/images/pdf/rules/annex01.pdf,sources_checked,2026-09-24,
chad,chad-national-flag,chad-national-flag,national,true,official,none_plain_vertical_stripes,eligible,Национальный флаг включён по новому правилу; простой рисунок не является основанием для исключения.,td-state-graphic-charter,https://mesrsfp.gouv.td/wp-content/uploads/2026/04/Guide-pratique-de-redaction-administrative-et-de-de-Charte-graphique-de-lEtat-du-Tchad_230823_190003.pdf,reviewed,2026-09-24,
chad,chad-presidential-flag-candidate,,other_official,false,unverified,coat_of_arms_on_tricolor_unverified,excluded,Вне нового каталога: публикуется только один национальный или государственный флаг страны.,td-state-graphic-charter,https://mesrsfp.gouv.td/wp-content/uploads/2026/04/Guide-pratique-de-redaction-administrative-et-de-de-Charte-graphique-de-lEtat-du-Tchad_230823_190003.pdf,sources_checked,2026-09-24,
chile,chile-national-flag,chile-national-flag,national,true,official,white_five_pointed_star|blue_canton|white_red_bands,eligible,Статья 1 декрета описывает белую пятиконечную звезду в синем квадрате и бело-красные полосы.,cl-national-emblems-decree-1534,https://www.bcn.cl/leychile/navegar?idNorma=18035,reviewed,2026-09-23,
chile,chile-presidential-standard,,other_official,false,official,national_flag|coat_of_arms_center,excluded,Вне нового каталога: публикуется только один национальный или государственный флаг страны.,cl-national-emblems-decree-1534,https://www.bcn.cl/leychile/navegar?idNorma=18035,reviewed,2026-09-24,
china,china-national-flag,china-national-flag,national,true,official,red_field|five_yellow_stars,eligible,Действующий закон и Конституция прямо определяют красный национальный флаг с пятью звёздами; звёзды проходят графический критерий.,cn-national-flag-law-2020|cn-constitution-symbols,https://www.npc.gov.cn/englishnpc/c2759/c23934/202103/t20210301_384806.html|https://en.moj.gov.cn/2021-06/22/c_634901.htm,reviewed,2026-09-24,
comoros,comoros-national-flag,comoros-national-flag,national,true,official,four_horizontal_stripes|green_hoist_triangle|white_crescent|four_white_stars,eligible,Статья 9 Конституции прямо описывает полумесяц и четыре звезды на зелёном треугольнике у древка.,km-constitution-2018-art9,https://natlex.ilo.org/dyn/natlex2/natlex2/files/download/72696/COM-72696%20%28CONSOLID%29.pdf,reviewed,2026-09-24,
colombia,colombia-national-flag,colombia-national-flag,national,true,official,plain_yellow_blue_red_stripes,eligible,Национальный флаг включён по новому правилу; простой рисунок не является основанием для исключения.,co-national-symbols-law-1984|co-flags-decree-1687-1986,https://www.suin-juriscol.gov.co/viewDocument.asp?id=1568555|https://www.suin-juriscol.gov.co/viewDocument.asp?id=1331854,reviewed,2026-09-24,
colombia,colombia-civil-ensign,,civil_ensign,false,official,yellow_blue_red_stripes|blue_oval_red_border|white_eight_pointed_star,excluded,Вне нового каталога: публикуется только один национальный или государственный флаг страны.,co-flags-decree-861-1924|co-flags-decree-1687-1986,https://www.suin-juriscol.gov.co/viewDocument.asp?id=1728068|https://www.suin-juriscol.gov.co/viewDocument.asp?id=1331854,reviewed,2026-09-24,
colombia,colombia-presidential-flag,,other_official,false,official,national_tricolor|national_coat_of_arms,excluded,Вне нового каталога: публикуется только один национальный или государственный флаг страны.,co-symbols-decree-1967-1991,https://www.funcionpublica.gov.co/eva/gestornormativo/norma.php?i=1524,sources_checked,2026-09-24,
colombia,colombia-war-flag,,other_official,false,official,national_tricolor|national_coat_of_arms|unit_inscription,excluded,Вне нового каталога: публикуется только один национальный или государственный флаг страны.,co-flags-decree-861-1924|co-symbols-decree-1967-1991,https://www.suin-juriscol.gov.co/viewDocument.asp?id=1728068|https://www.funcionpublica.gov.co/eva/gestornormativo/norma.php?i=1524,sources_checked,2026-09-24,
colombia,colombia-naval-ensign-candidate,,state_ensign,false,unverified,national_tricolor|national_coat_of_arms_unverified,excluded,Вне нового каталога: публикуется только один национальный или государственный флаг страны.,co-symbols-decree-1967-1991,https://www.funcionpublica.gov.co/eva/gestornormativo/norma.php?i=1524,sources_checked,2026-09-24,
congo,congo-national-flag,congo-national-flag,national,true,official,green_red_triangles|yellow_diagonal_band,eligible,Национальный флаг включён по новому правилу; простой рисунок не является основанием для исключения.,cg-constitution-2015-art3-4|cg-presidency-symbols,https://www.sgg.cg/fr/droit-congolais/constitution.html|https://presidence.cg/les-symboles/,reviewed,2026-09-24,
democratic-republic-of-the-congo,democratic-republic-of-the-congo-national-flag,democratic-republic-of-the-congo-national-flag,national,true,official,sky_blue_field|yellow_five_pointed_star|red_diagonal_band|yellow_fimbriation,eligible,Официальный сайт Президента описывает жёлтую звезду в верхнем углу и красную диагональную полосу с жёлтой каймой.,cd-presidency-flag,https://www.presidence.cd/detail-symbole/1,reviewed,2026-09-24,
costa-rica,costa-rica-national-flag,,national,false,official,blue_white_red_white_blue_horizontal_stripes,excluded,Статья 1 закона 10178/2022 описывает только пять цветных полос без отдельного графического символа.,cr-law-10178-2022,https://www.imprentanacional.go.cr/pub/2022/05/11/COMP_11_05_2022.html,sources_checked,2026-09-24,
costa-rica,costa-rica-state-flag,costa-rica-state-flag,state,true,official,blue_white_red_white_blue_horizontal_stripes|white_oval|national_coat_of_arms,eligible,Статьи 12–15 закона 10178/2022 отдельно устанавливают церемониальный pabellón nacional с государственным гербом в белом овале на красной полосе.,cr-law-10178-2022,https://www.imprentanacional.go.cr/pub/2022/05/11/COMP_11_05_2022.html,reviewed,2026-09-24,
croatia,croatia-national-flag,croatia-national-flag,national,true,official,red_white_blue_stripes|central_coat_of_arms|five_shield_crown,eligible,Статья 10 закона точно описывает герб в центре красно-бело-синего триколора.,hr-symbols-law-1990,https://narodne-novine.nn.hr/clanci/sluzbeni/1990_12_55_1067.html,reviewed,2026-09-24,
croatia,croatia-presidential-flag,,other_official,false,official,square_blue_field|red_white_chequered_border|central_historic_coat_of_arms|five_historic_medallions|rh_monogram,excluded,Вне нового каталога: публикуется только один национальный или государственный флаг страны.,hr-symbols-law-1990,https://narodne-novine.nn.hr/clanci/sluzbeni/1990_12_55_1067.html,reviewed,2026-09-24,
croatia,croatia-civil-ensign-proportions,,civil_ensign,false,official,national_flag_design|ratio_1_to_1_5,excluded,Вне нового каталога: публикуется только один национальный или государственный флаг страны.,hr-inland-navigation-law-2021|hr-symbols-law-1990,https://narodne-novine.nn.hr/clanci/sluzbeni/2021_12_144_2459.html|https://narodne-novine.nn.hr/clanci/sluzbeni/1990_12_55_1067.html,sources_checked,2026-09-24,
croatia,croatia-naval-ensign-candidate,,state_ensign,false,official,naval_stern_flag_artwork_to_verify,excluded,Вне нового каталога: публикуется только один национальный или государственный флаг страны.,hr-naval-flags-decision-1999,https://narodne-novine.nn.hr/clanci/sluzbeni/1999_10_105_1754.html,sources_checked,2026-09-24,
croatia,croatia-naval-jack-candidate,,state_ensign,false,official,naval_bow_flag_artwork_to_verify,excluded,Вне нового каталога: публикуется только один национальный или государственный флаг страны.,hr-naval-flags-decision-1999,https://narodne-novine.nn.hr/clanci/sluzbeni/1999_10_105_1754.html,sources_checked,2026-09-24,
cuba,cuba-national-flag,cuba-national-flag,national,true,official,three_blue_two_white_stripes|red_hoist_triangle|white_five_pointed_star,eligible,Статьи 5–7 закона 128/2019 точно описывают белую пятиконечную звезду в красном треугольнике у древка.,cu-symbols-law-128-2019,https://www.gacetaoficial.gob.cu/sites/default/files/goc-2019-o71_0.pdf,reviewed,2026-09-24,
cuba,cuba-cespedes-historical-flag,,other_official,false,historical,red_white_blue_fields|white_star,excluded,Вне нового каталога: публикуется только один национальный или государственный флаг страны.,cu-symbols-law-128-2019,https://www.gacetaoficial.gob.cu/sites/default/files/goc-2019-o71_0.pdf,sources_checked,2026-09-24,
cuba,cuba-presidential-standard-candidate,,other_official,false,unverified,coat_of_arms|stars|blue_field_unverified,excluded,Вне нового каталога: публикуется только один национальный или государственный флаг страны.,cu-presidential-flag-commons-candidate|cu-symbols-law-128-2019,https://www.gacetaoficial.gob.cu/sites/default/files/goc-2019-o71_0.pdf,sources_checked,2026-09-24,
bolivia,bolivia-state-flag,bolivia-state-flag,state,true,restricted_official_use,coat_of_arms|mountain|animal|plant,eligible,Статья 9 декрета 241 предписывает триколор с государственным гербом для государственных учреждений; рисунок подробнее обычного национального триколора.,bo-constitution-art-6|bo-decree-241-parliament-copy,https://www.senapi.gob.bo/normativas/constitucion-politica-del-estado/constitucion-politica-del-estado-plurinacional-de-bolivia|https://diputados.gob.bo/wp-content/uploads/2023/02/PL-137-2022-2023.pdf,reviewed,2026-09-24,Герб расположен в центре жёлтой полосы на обеих сторонах полотнища; военный вариант с лавровой и оливковой ветвями вне каталога.
cyprus,cyprus-national-flag,cyprus-national-flag,national,true,official,island_map|olive_branches,eligible,Официальный национальный флаг выбран как основной учебный вариант.,cy-government-flag-2024,https://publications.gov.cy/assets/user/publications/2024/2024_202/HTML/12/,reviewed,2026-09-24,
czechia,czechia-national-flag,czechia-national-flag,national,true,official,white_red_horizontal|blue_triangle,eligible,Официальный национальный флаг выбран как основной учебный вариант.,cz-mfa-state-symbols,https://mzv.gov.cz/chicago/en/other_useful_information/information_about_the_czech_republic/national_symbols/state_symbols.html?force_format=mobile,reviewed,2026-09-24,
benin,benin-national-flag,benin-national-flag,national,true,official,green_hoist|yellow_red_horizontal,eligible,Официальный национальный флаг выбран как основной учебный вариант.,bj-flag-law-90-020,https://sgg.gouv.bj/doc/loi-90-020/download,reviewed,2026-09-24,
estonia,estonia-national-flag,estonia-national-flag,national,true,official,blue_black_white_horizontal,eligible,Официальный национальный флаг выбран как основной учебный вариант.,ee-government-flag-day,https://www.riigikantselei.ee/en/el140,reviewed,2026-09-24,
finland,finland-national-flag,,national,false,official,blue_cross,excluded,Национальный вариант проще государственного флага с гербом.,fi-flag-act-380-1978,https://www.finlex.fi/fi/lainsaadanto/1978/380,sources_checked,2026-09-24,
finland,finland-state-flag,finland-state-flag,state,true,official,blue_cross|coat_of_arms,eligible,"Государственный флаг с гербом содержит больше графических деталей, чем национальный.",fi-flag-act-380-1978,https://www.finlex.fi/fi/lainsaadanto/1978/380,reviewed,2026-09-24,
france,france-national-flag,france-national-flag,national,true,official,blue_white_red_vertical,eligible,Официальный национальный флаг выбран как основной учебный вариант.,fr-elysee-flag,https://www.elysee.fr/la-presidence/le-drapeau-francais,reviewed,2026-09-24,
greece,greece-national-flag,greece-national-flag,national,true,official,blue_white_stripes|white_cross,eligible,Национальный флаг выбран как основной учебный вариант.,gr-presidency-flag,https://www.presidency.gr/en/presidency/the-flag/,reviewed,2026-09-24,
ireland,ireland-national-flag,ireland-national-flag,national,true,official,green_white_orange_vertical,eligible,Национальный флаг выбран как основной учебный вариант.,ie-government-national-flag,https://www.gov.ie/en/department-of-the-taoiseach/publications/the-national-flag/,reviewed,2026-09-24,
italy,italy-national-flag,italy-national-flag,national,true,official,green_white_red_vertical,eligible,Национальный флаг выбран как основной учебный вариант.,it-presidency-tricolour,https://www.quirinale.it/it/pagine/italian-tricolour-flag,reviewed,2026-09-24,
japan,japan-national-flag,japan-national-flag,national,true,official,white_field|red_sun_disc,eligible,Национальный флаг выбран как основной учебный вариант.,jp-cabinet-flag,https://www.cao.go.jp/en/flag_anthem,reviewed,2026-09-24,
latvia,latvia-national-flag,latvia-national-flag,national,true,official,carmine_white_carmine_horizontal,eligible,Национальный флаг выбран как основной учебный вариант.,lv-national-flag-law,https://likumi.lv/ta/en/en/id/200642,reviewed,2026-09-24,
