landmark_id,content_entry_id,name_original,name_ru,landmark_type,country_ids,region,coordinates,significance_basis,source_catalog,source_ids,source_urls,decision,decision_reason,review_status,checked_at,notes
grand-canyon,grand-canyon,,Гранд-Каньон,canyon,united-states,США · Аризона,,В стенах видна последовательность древних слоёв горных пород.,existing_content,grca-stat|grca-geology,https://home.nps.gov/grca/learn/management/statistics.htm|https://home.nps.gov/grca/learn/nature/grca-geology.htm,eligible,"Уже опубликовано; требуется повторная проверка источников, измерений и медиа.",needs_revalidation,2026-09-22,
uluru,uluru,,Улуру,geological_formation,australia,Австралия · Северная территория,,Улуру имеет большое культурное значение для народа анангу и выделяется в пустынном ландшафте.,existing_content,uluru-geology|uluru-facts,https://api.parksaustralia.gov.au/sites/default/files/2023-09/uktnp-a4factsheet-geology_23-sept.pdf|https://parksaustralia.gov.au/uluru/pub/uluru-kata-tjuta-media-handbook.pdf,eligible,"Уже опубликовано; требуется повторная проверка источников, измерений и медиа.",needs_revalidation,2026-09-22,
mount-fuji,mount-fuji,,Фудзи,volcano,japan,Япония · Хонсю,,Гора входит в список всемирного наследия как культурный объект.,existing_content,fuji-unesco,https://whc.unesco.org/en/list/1418,eligible,"Уже опубликовано; требуется повторная проверка источников, измерений и медиа.",needs_revalidation,2026-09-22,
victoria-falls,victoria-falls,,Водопад Виктория,waterfall,zambia|zimbabwe,Замбия · Зимбабве,,ЮНЕСКО отмечает исключительный по масштабу сплошной водяной занавес и активные геологические процессы.,existing_content,falls-unesco,https://whc.unesco.org/en/list/509,eligible,"Уже опубликовано; требуется повторная проверка источников, измерений и медиа.",needs_revalidation,2026-09-22,
iguazu-falls,iguazu-falls,Iguazu Falls,Водопады Игуасу,waterfall,argentina|brazil,Аргентина и Бразилия,,Система водопадов и окружающий атлантический лес.,unesco_whc,iguazu-unesco-ar|iguacu-unesco-br,https://whc.unesco.org/en/list/303|https://whc.unesco.org/en/list/355,eligible,Конкретный физический объект подтверждён двумя карточками ЮНЕСКО и опубликован.,reviewed,2026-09-22,
great-barrier-reef,great-barrier-reef,Great Barrier Reef,Большой Барьерный риф,natural_wonder,australia,Австралия · Коралловое море,,Крупнейшая в мире система коралловых рифов по описанию ЮНЕСКО.,unesco_whc,great-barrier-reef-unesco,https://whc.unesco.org/en/list/154,eligible,Конкретная рифовая система подтверждена ЮНЕСКО и опубликована.,reviewed,2026-09-22,
okavango-delta,okavango-delta,Okavango Delta,Дельта Окаванго,river,botswana,Ботсвана · пустыня Калахари,,Редкая крупная внутренняя дельта без стока в море.,unesco_whc,okavango-unesco,https://whc.unesco.org/en/list/1432,eligible,Конкретная внутренняя дельта подтверждена ЮНЕСКО и опубликована.,reviewed,2026-09-22,
plitvice-lakes,plitvice-lakes,Plitvice Lakes,Плитвицкие озёра,lake,croatia,Хорватия · Динарское нагорье,,Каскад карстовых озёр с продолжающимся образованием туфовых барьеров.,unesco_whc,plitvice-unesco,https://whc.unesco.org/en/list/98,eligible,Конкретная озёрная система подтверждена ЮНЕСКО и опубликована.,reviewed,2026-09-22,
socotra-archipelago,socotra-archipelago,Socotra Archipelago,Архипелаг Сокотра,island,yemen,Йемен · северо-запад Индийского океана,,Архипелаг с высокой долей эндемичных видов.,unesco_whc,socotra-unesco,https://whc.unesco.org/en/list/1263,eligible,Конкретный архипелаг подтверждён ЮНЕСКО и опубликован.,reviewed,2026-09-22,
lake-baikal,lake-baikal,Lake Baikal,Озеро Байкал,lake,russia,Юго-восточная Сибирь,,Древнее глубокое пресноводное озеро с уникальной экосистемой; точные рекорды требуют методического источника.,unesco_whc:754,baikal-unesco,https://whc.unesco.org/en/list/754,eligible,Именованное и визуально определимое озеро; запись ЮНЕСКО прямо относится к самому озеру.,reviewed,2026-09-23,"Перед публикацией сверить методику глубины и объёма пресной воды, не переносить суперлатив без оговорки."
namib-sand-sea,namib-sand-sea,Namib Sand Sea,Намибское песчаное море,desert,namibia,Атлантическое побережье Намибии,,"Именованная прибрежная область больших дюн, где туман влияет на экосистему.",unesco_whc:1430,namib-sand-sea-unesco,https://whc.unesco.org/en/list/1430,eligible,ЮНЕСКО описывает конкретный именованный песчаный массив и его физические особенности.,reviewed,2026-09-23,Для викторины нужна фотография с различимым характерным ландшафтом; обычный снимок дюн без привязки недостаточен.
mount-kilimanjaro,mount-kilimanjaro,Mount Kilimanjaro,Килиманджаро,mountain,tanzania,Северная Танзания,,Вулканический горный массив с хорошо различимым силуэтом и высотной поясностью.,unesco_whc:403,kilimanjaro-unesco,https://whc.unesco.org/en/list/403,eligible,Отдельная гора внутри объекта ЮНЕСКО «Kilimanjaro National Park»; не смешивается с парком как территорией.,reviewed,2026-09-23,Перед публикацией высоты проверить актуальную методику и источник.
geomunoreum-lava-tubes,geomunoreum-lava-tubes,Geomunoreum Lava Tube System,Лавовые трубки Гомунорым,cave,south-korea,Остров Чеджу,,Отдельно названная система лавовых пещер с характерными стенами и карбонатными отложениями.,unesco_whc:1264,jeju-volcanic-unesco,https://whc.unesco.org/en/list/1264,eligible,ЮНЕСКО выделяет систему лавовых трубок как отдельный компонент объекта наследия.,reviewed,2026-09-23,Выбрать снимок конкретной трубки с подтверждённым местом съёмки; оценить пригодность к визуальному распознаванию.
seongsan-ilchulbong,seongsan-ilchulbong,Seongsan Ilchulbong,Сонсан-Ильчхульбон,volcano,south-korea,Остров Чеджу,,"Отдельный туфовый конус, сформированный вулканическим извержением у моря.",unesco_whc:1264,jeju-volcanic-unesco,https://whc.unesco.org/en/list/1264,eligible,ЮНЕСКО выделяет узнаваемый туфовый конус как самостоятельный компонент.,reviewed,2026-09-23,Русскую транскрипцию проверить при редактуре.
mount-halla,mount-halla,Mount Halla (Hallasan),Вулкан Халласан,volcano,south-korea,Остров Чеджу,,"Вулканическая гора с кратерным озером, отдельно названная в составе объекта ЮНЕСКО.",unesco_whc:1264,jeju-volcanic-unesco,https://whc.unesco.org/en/list/1264,eligible,ЮНЕСКО выделяет гору Халласан как третий компонент вулканического объекта Чеджу.,reviewed,2026-09-23,Перед публикацией проверить фотографию конкретного вулкана и русскую транскрипцию.
surtsey,surtsey,Surtsey,Сюртсей,island,iceland,"Атлантический океан, к югу от Исландии","63.3031,-20.6022","Вулканический остров, возникший в 1963–1967 годах и охраняемый как естественная лаборатория заселения новой суши.",unesco_whc:1267,surtsey-unesco,https://whc.unesco.org/en/list/1267,eligible,"Запись ЮНЕСКО относится к конкретному именованному острову, визуально узнаваемому на аэрофотографии.",reviewed,2026-09-23,"Не утверждать, что это самый молодой остров в мире: такой рекорд требует отдельного определения и актуальной проверки."
giants-causeway,giants-causeway,Giant's Causeway,Тропа гигантов,geological_formation,united-kingdom,"Побережье графства Антрим, Северная Ирландия",,"Именованное прибрежное образование из множества правильных базальтовых колонн, возникших при древней вулканической активности.",unesco_whc:369,giants-causeway-unesco,https://whc.unesco.org/en/list/369,eligible,Из прибрежного объекта ЮНЕСКО выделено конкретное и визуально узнаваемое базальтовое образование.,reviewed,2026-09-23,"На фотографии показаны столбы самой Тропы гигантов, а не любой сходный базальтовый массив."
mount-teide,mount-teide,Mount Teide,Тейде,volcano,spain,"Остров Тенерифе, Канарские острова",,"Отдельный вулкан в составе объекта ЮНЕСКО «Национальный парк Тейде», свидетельство геологического развития океанического острова.",unesco_whc:1258,mount-teide-unesco,https://whc.unesco.org/en/list/1258,eligible,ЮНЕСКО отдельно называет вулкан Тейде; фотография показывает именно его узнаваемый конус.,reviewed,2026-09-23,Суперлативы высоты намеренно не используются без отдельной методики измерения.
perito-moreno-glacier,perito-moreno-glacier,Perito Moreno Glacier,Ледник Перито-Морено,glacier,argentina,"Национальный парк Лос-Гласьярес, провинция Санта-Крус, Патагония",,"Отдельный крупный ледник, узнаваемый по широкому ледовому фронту у озера Архентино; ЮНЕСКО выделяет его как наиболее заметный объект парка.",unesco_whc:145,perito-moreno-unesco,https://whc.unesco.org/en/list/145,eligible,"Из обширного национального парка выделен конкретный именованный ледник, названный ЮНЕСКО; фотография показывает его фронт у озера.",reviewed,2026-09-23,Не используются утверждения о росте или неизменности ледника без свежих измерений.
talampaya-canyon,talampaya-canyon,Cañón de Talampaya,Каньон Талампайя,canyon,argentina,"Национальный парк Талампайя, провинция Ла-Риоха, Аргентина",,Именованный каньон с высокими красными песчаниковыми стенами; ЮНЕСКО выделяет его как характерный объект территории.,unesco_whc:966,ischigualasto-talampaya-unesco,https://whc.unesco.org/en/list/966,eligible,Из двух обширных парков выделен конкретный каньон; проверенная фотография показывает его стены.,reviewed,2026-09-23,Высота конкретной стены по фотографии не утверждается; ЮНЕСКО говорит о стенах до 200 м в парке.
valle-de-la-luna-ischigualasto,valle-de-la-luna-ischigualasto,Valle de la Luna,Лунная долина Исчигуаласто,geological_formation,argentina,"Провинциальный парк Исчигуаласто, провинция Сан-Хуан, Аргентина",,"Именованный ландшафт белых и разноцветных отложений, отдельно выделенный ЮНЕСКО.",unesco_whc:966,ischigualasto-talampaya-unesco,https://whc.unesco.org/en/list/966,eligible,ЮНЕСКО называет Valle de la Luna как отдельный узнаваемый ландшафт внутри парка Исчигуаласто.,reviewed,2026-09-23,Подобрать фотографию именно этой долины с подтверждённым местом и правами; затем отредактировать карточку.
lake-menendez,lake-menendez,Lake Menéndez,Озеро Менендес,lake,argentina,"Национальный парк Лос-Алерсес, северная Патагония",,ЮНЕСКО отдельно называет северный рукав озера как место Тысячелетнего алерсового леса.,unesco_whc:1526,los-alerces-unesco,https://whc.unesco.org/en/list/1526,eligible,"Именованное ледниковое озеро внутри территории ЮНЕСКО; отдельный физический объект, а не весь парк.",reviewed,2026-09-23,Медиа должно показывать само озеро; возраст деревьев не переносить на озеро.
millennial-alerce-forest,millennial-alerce-forest,Millennial Alerce Forest,Тысячелетний алерсовый лес,other,argentina,"Северный рукав озера Менендес, национальный парк Лос-Алерсес",,ЮНЕСКО выделяет этот лес как узнаваемую часть ландшафта парка и описывает крупное старое дерево алерсе.,unesco_whc:1526,los-alerces-unesco,https://whc.unesco.org/en/list/1526,eligible,"Конкретно названный лесной участок у озера Менендес, не всё охраняемое пространство.",reviewed,2026-09-23,Не представлять возраст примерно 2600 лет одного дерева как возраст всего леса; перед публикацией проверить точную локализацию фотографии.
whitsunday-islands,whitsunday-islands,Whitsunday Islands,Острова Уитсанди,island,australia,"Большой Барьерный риф, Квинсленд",,ЮНЕСКО отдельно выделяет группу зелёных островов и песчаных пляжей как узнаваемый вид рифовой системы.,unesco_whc:154,great-barrier-reef-unesco,https://whc.unesco.org/en/list/154,eligible,Именованная группа физических островов внутри обширной рифовой территории.,reviewed,2026-09-23,Нужна фотография конкретного острова или группы с точной подписью места.
hinchinbrook-island,hinchinbrook-island,Hinchinbrook Island,Остров Хинчинбрук,island,australia,"Большой Барьерный риф, Квинсленд",,ЮНЕСКО выделяет гористый остров с лесистыми склонами и влажными ущельями.,unesco_whc:154,great-barrier-reef-unesco,https://whc.unesco.org/en/list/154,eligible,Именованный остров с отличимым рельефом внутри рифовой системы.,reviewed,2026-09-23,"Не смешивать с проливом Hinchinbrook Channel, который ЮНЕСКО упоминает отдельно."
raine-island,raine-island,Raine Island,Остров Рейн,island,australia,"Большой Барьерный риф, Квинсленд",,ЮНЕСКО называет остров важным местом размножения зелёных морских черепах.,unesco_whc:154,great-barrier-reef-unesco,https://whc.unesco.org/en/list/154,eligible,Именованный коралловый остров с отдельно описанной природной значимостью.,reviewed,2026-09-23,При публикации не повторять мировой рекорд без уточнения методики подсчёта гнездящихся черепах.
lord-howe-island,lord-howe-island,Lord Howe Island,Остров Лорд-Хау,island,australia,"Тасманово море, Новый Южный Уэльс",,ЮНЕСКО описывает вулканическое происхождение острова и его изолированную эндемичную биоту.,unesco_whc:186,lord-howe-island-group-unesco,https://whc.unesco.org/en/list/186,eligible,Отдельный именованный остров внутри архипелага ЮНЕСКО.,reviewed,2026-09-23,Не отождествлять остров с полной территорией Lord Howe Island Group.
balls-pyramid,balls-pyramid,Balls Pyramid,Болс-Пирамид,geological_formation,australia,"Архипелаг Лорд-Хау, Тасманово море",,ЮНЕСКО отдельно выделяет поднимающуюся из океана скалу вулканического происхождения и место обитания лорд-хауского палочника.,unesco_whc:186,lord-howe-island-group-unesco,https://whc.unesco.org/en/list/186,eligible,"Именованная визуально отличимая скала, отдельная от острова Лорд-Хау.",reviewed,2026-09-23,"Перед публикацией проверить, показывает ли фото именно Болс-Пирамид."
lord-howe-coral-reef,lord-howe-coral-reef,Lord Howe Island coral reef,Коралловый риф острова Лорд-Хау,natural_wonder,australia,"Морская зона острова Лорд-Хау, Тасманово море",,ЮНЕСКО отдельно описывает коралловый риф как часть природной территории острова.,unesco_whc:186,lord-howe-island-group-unesco,https://whc.unesco.org/en/list/186,eligible,"Конкретная рифовая система у острова, отличная от суши архипелага.",reviewed,2026-09-23,Формулировку о самом южном рифе проверить отдельно с критерием «true coral reef»; до этого не публиковать рекорд.
tweed-caldera,tweed-caldera,Tweed Shield erosion caldera,Кальдера Твид,geological_formation,australia,"Гондванские влажные леса, Новый Южный Уэльс и Квинсленд",,ЮНЕСКО описывает крупную эрозионную кальдеру древнего щитового вулкана Твид и центральный массив Волламбин.,unesco_whc:368,gondwana-rainforests-unesco,https://whc.unesco.org/en/list/368,eligible,Именованная геологическая форма внутри составной территории ЮНЕСКО.,reviewed,2026-09-23,Не заявлять спорный рекорд «лучше всего сохранившаяся» без определения сравнения.
wollumbin-mount-warning,wollumbin-mount-warning,Wollumbin / Mt Warning,Гора Волламбин (Маунт-Уорнинг),mountain,australia,"Кальдера Твид, Гондванские влажные леса",,ЮНЕСКО называет эту гору центральным массивом эрозионной кальдеры Твид.,unesco_whc:368,gondwana-rainforests-unesco,https://whc.unesco.org/en/list/368,eligible,Конкретная именованная гора и различимый объект внутри крупной составной территории.,reviewed,2026-09-23,"Использовать двойное название из источника ЮНЕСКО; фотографии должны показывать гору, а не весь парк."
peninsula-valdes,peninsula-valdes,Península Valdés,Полуостров Вальдес,geological_formation,argentina,"Провинция Чубут, Патагония, Аргентина",,"ЮНЕСКО описывает физический полуостров, далеко выступающий в Атлантический океан; его защищённые заливы служат местами размножения морских млекопитающих.",unesco_whc:937,peninsula-valdes-unesco,https://whc.unesco.org/en/list/937,eligible,"Именованная и различимая форма суши, а не только название охраняемой территории.",reviewed,2026-09-23,Фотография должна позволять опознать именно полуостров или его берег; не заменять её одним снимком кита.
golfo-nuevo,golfo-nuevo,Golfo Nuevo,Залив Нуэво,other,argentina,"Южный берег полуострова Вальдес, Аргентина",,ЮНЕСКО отдельно называет защищённый залив к югу от полуострова; прибрежные воды важны для южных гладких китов.,unesco_whc:937,peninsula-valdes-unesco,https://whc.unesco.org/en/list/937,eligible,Конкретный именованный морской залив внутри территории ЮНЕСКО.,reviewed,2026-09-23,Для карточки нужна фотография самого залива и берега; не приписывать всем китам постоянное присутствие.
hinchinbrook-channel,hinchinbrook-channel,Hinchinbrook Channel,Пролив Хинчинбрук,other,australia,"Влажные тропики Квинсленда, Австралия",,ЮНЕСКО выделяет извилистые протоки Хинчинбрука и обширные мангровые заросли как характерный пейзаж территории.,unesco_whc:486,wet-tropics-queensland-unesco,https://whc.unesco.org/en/list/486,eligible,"Названный пролив с самостоятельным водно-мангровым ландшафтом, отличный от острова Хинчинбрук.",reviewed,2026-09-23,Не использовать фотографию только острова без видимого пролива.
hamelin-pool,hamelin-pool,Hamelin Pool,Лагуна Хамелин-Пул,other,australia,"Залив Шарк, Западная Австралия",,"ЮНЕСКО выделяет гиперсолёную лагуну и живые строматолиты, созданные микробными сообществами.",unesco_whc:578,shark-bay-unesco,https://whc.unesco.org/en/list/578,eligible,Именованная лагуна с отличимыми природными образованиями строматолитов.,reviewed,2026-09-23,Не называть современные строматолиты древнейшими живыми организмами без оговорки об аналогии с древними формами.
wooramel-seagrass-bank,wooramel-seagrass-bank,Wooramel Seagrass Bank,Морская травяная банка Вурамел,other,australia,"Залив Шарк, Западная Австралия",,ЮНЕСКО называет отдельную подводную банку морских трав и связанные с ней известковые песчаные отложения.,unesco_whc:578,shark-bay-unesco,https://whc.unesco.org/en/list/578,eligible,"Именованный физический морской объект, выделенный отдельно от всего залива Шарк.",reviewed,2026-09-23,"До публикации требуется фото или карта, точно показывающие банку; не повторять рекорд без методики площади."
shell-beach-shark-bay,shell-beach-shark-bay,Shell Beach,Ракушечный пляж залива Шарк,geological_formation,australia,"Залив Шарк, Западная Австралия",,"Департамент парков Западной Австралии описывает именованный пляж, сложенный огромным количеством белых раковин, а не песком.",unesco_whc:578,shark-bay-unesco|shell-beach-dbca-wa,https://whc.unesco.org/en/list/578|https://exploreparks.dbca.wa.gov.au/park/shell-beach-conservation-park,eligible,Конкретный необычный пляж внутри природной территории залива Шарк подтверждён правительственным источником.,reviewed,2026-09-23,Не повторять длину пляжа из правительственной страницы: в разных её абзацах указаны 60 и 70 км.
kgari-island,kgari-island,K’gari,Остров К’гари,island,australia,"Побережье Квинсленда, Австралия",,"ЮНЕСКО выделяет именованный песчаный остров с дюнами, лесами на песке и дюнными пресноводными озёрами.",unesco_whc:630,kgari-unesco,https://whc.unesco.org/en/list/630,eligible,Физический остров с самостоятельным именем и узнаваемым сочетанием ландшафтов.,reviewed,2026-09-23,"Для карточки нужен снимок островного побережья с песчаными дюнами или обзорный вид; рекорд размера требует отдельной методики, если упоминать его в квизе."
boorangoora-lake-mckenzie,boorangoora-lake-mckenzie,Boorangoora (Lake McKenzie),Озеро Буронгура (Маккензи),lake,australia,"Остров К’гари, Квинсленд, Австралия",,Официальная служба парков Квинсленда выделяет именованное пресноводное озеро с прозрачной водой и белым песчаным берегом.,unesco_whc:630,kgari-unesco|boorangoora-qld-parks,https://whc.unesco.org/en/list/630|https://parks.qld.gov.au/parks/kgari-fraser/attractions/lake-mckenzie-day-use-area,eligible,Конкретное названное озеро в составе территории ЮНЕСКО.,reviewed,2026-09-23,Сохранять местное название Буронгура вместе с названием Маккензи.
riversleigh-d-site,riversleigh-d-site,Riversleigh D Site,Ископаемый участок D в Риверслее,geological_formation,australia,"Квинсленд, Австралия",,На конкретном известняковом выходе Риверслея видны окаменелости древних животных; государственная служба парков выделяет его как доступную часть местонахождения ЮНЕСКО.,unesco_whc:698,australian-fossil-sites-unesco|riversleigh-trail-qld-parks,https://whc.unesco.org/en/list/698|https://parks.qld.gov.au/parks/boodjamulla-lawn-hill/journeys/riversleigh-fossil-trail,eligible,"Именованный конкретный выход известняка с видимыми ископаемыми, а не весь национальный парк.",reviewed,2026-09-23,Для публикации требуется фото именно D Site или его доступного известнякового выхода.
victoria-fossil-cave,victoria-fossil-cave,Victoria Fossil Cave,Пещера Виктория в Наракорте,cave,australia,"Южная Австралия, Австралия",,ЮНЕСКО и государственная служба Наракорта отдельно описывают пещеру и её богатые отложения ископаемых позвоночных.,unesco_whc:698,australian-fossil-sites-unesco|victoria-fossil-cave-sa-parks,https://whc.unesco.org/en/list/698|https://www.naracoortecaves.sa.gov.au/discover/under-the-ground/victoria-fossil-cave,eligible,Конкретная именованная пещера с особым геологическим и палеонтологическим содержанием.,reviewed,2026-09-23,"Снимок должен показывать пещеру, а не только музейную реконструкцию ископаемых."
heard-island,heard-island,Heard Island,Остров Херд,island,australia,"Южный Индийский океан, внешняя территория Австралии",,Именованный субантарктический остров с покрытыми снегом и льдом склонами; ЮНЕСКО выделяет вулканические и ледниковые процессы.,unesco_whc:577,heard-mcdonald-islands-unesco,https://whc.unesco.org/en/list/577,eligible,"Самостоятельный именованный физический остров, визуально отличный от острова Макдональд и вулкана Биг-Бен.",reviewed,2026-09-23,В регионе сохранить статус внешней территории; после создания расширенного реестра привязать к соответствующей сущности.
big-ben-volcano,big-ben-volcano,Big Ben,Вулкан Биг-Бен,volcano,australia,"Остров Херд, южный Индийский океан",,ЮНЕСКО отдельно называет действующий вулкан Биг-Бен доминирующей формой рельефа острова Херд.,unesco_whc:577,heard-mcdonald-islands-unesco,https://whc.unesco.org/en/list/577,eligible,Конкретный названный вулкан с самостоятельной формой рельефа.,reviewed,2026-09-23,Не повторять абсолютную высоту без даты и метода измерения; снимок должен ясно показывать вулкан.
mcdonald-island,mcdonald-island,McDonald Island,Остров Макдональд,island,australia,"Южный Индийский океан, внешняя территория Австралии",,ЮНЕСКО отдельно описывает меньший вулканический остров и изменение его формы после возобновления вулканической активности.,unesco_whc:577,heard-mcdonald-islands-unesco,https://whc.unesco.org/en/list/577,eligible,Отдельный именованный остров с отличимым вулканическим происхождением.,reviewed,2026-09-23,Требуется точный снимок или собственная схема острова; не использовать общий вид острова Херд.
macquarie-island,macquarie-island,Macquarie Island,Остров Маккуори,island,australia,Субантарктические воды к юго-востоку от Тасмании,,"ЮНЕСКО выделяет именованный остров с крутыми склонами, террасами и геологическими выходами океанических пород.",unesco_whc:629,macquarie-island-unesco,https://whc.unesco.org/en/list/629,eligible,Остров и его рельеф составляют отдельный распознаваемый природный объект.,reviewed,2026-09-23,Соседние небольшие группы Judge and Clerk и Bishop and Clerk в источнике названы как части границы территории; отдельная визуальная значимость для карточек не установлена.
three-sisters-blue-mountains,three-sisters-blue-mountains,Three Sisters,Скалы Три сестры,geological_formation,australia,"Голубые горы, Новый Южный Уэльс, Австралия",,Служба парков Нового Южного Уэльса выделяет узнаваемую скальную формацию на границе национального парка и связывает её с территорией ЮНЕСКО.,unesco_whc:917,greater-blue-mountains-unesco|three-sisters-nsw-parks,https://whc.unesco.org/en/list/917|https://www.nationalparks.nsw.gov.au/things-to-do/lookouts/echo-point-lookout-three-sisters,eligible,Конкретная именованная формация из трёх песчаниковых скал.,reviewed,2026-09-23,Избегать единственной версии сюжета о названии: служба парков отмечает несколько аборигенных историй.
wentworth-falls,wentworth-falls,Wentworth Falls,Водопад Уэнтворт-Фолс,waterfall,australia,"Голубые горы, Новый Южный Уэльс, Австралия",,Служба парков Нового Южного Уэльса выделяет именованный водопад внутри национального парка Голубые горы.,unesco_whc:917,greater-blue-mountains-unesco|wentworth-falls-nsw-parks,https://whc.unesco.org/en/list/917|https://www.nationalparks.nsw.gov.au/things-to-do/walking-tracks/wentworth-falls-track,eligible,"Именованный водопад с визуально различимой формой, а не только обзорная точка.",reviewed,2026-09-23,Не использовать высоту из маршрута как точный геодезический рекорд.
jamison-valley,jamison-valley,Jamison Valley,Долина Джеймисон,other,australia,"Голубые горы, Новый Южный Уэльс, Австралия",,"Служба парков отдельно называет долину, открывающуюся со стороны скал Три сестры, среди песчаниковых ущелий территории ЮНЕСКО.",unesco_whc:917,greater-blue-mountains-unesco|three-sisters-walk-nsw-parks,https://whc.unesco.org/en/list/917|https://www.nationalparks.nsw.gov.au/things-to-do/walking-tracks/three-sisters-walk,eligible,Конкретная именованная долина с самостоятельным ландшафтным обзором.,reviewed,2026-09-23,"Для карточки нужен снимок долины, а не крупный план скал Три сестры."
bungle-bungle-range,bungle-bungle-range,Bungle Bungle Range,Хребет Бангл-Бангл,geological_formation,australia,"Пурнулулу, Западная Австралия",,"ЮНЕСКО выделяет хребет с узнаваемыми полосатыми песчаниковыми конусами, образованными эрозией и поверхностными цианобактериальными корками.",unesco_whc:1094,purnululu-unesco,https://whc.unesco.org/en/list/1094,eligible,Отдельный именованный массив с визуально узнаваемой формой и окраской.,reviewed,2026-09-23,Не утверждать конкретную высоту или скорость эрозии без метода измерения.
echidna-chasm,echidna-chasm,Echidna Chasm,Ущелье Эхидна,gorge,australia,"Пурнулулу, Западная Австралия",,ЮНЕСКО отдельно называет узкое ущелье среди главных природных мест парка Пурнулулу.,unesco_whc:1094,purnululu-unesco,https://whc.unesco.org/en/list/1094,eligible,"Конкретное именованное узкое ущелье, отличное от всего хребта.",reviewed,2026-09-23,Для публикации нужна фотография внутреннего прохода ущелья.
piccaninny-gorge,,Piccaninny Gorge,Ущелье Пикканинни,gorge,australia,"Пурнулулу, Западная Австралия",,ЮНЕСКО отдельно называет ущелье Пикканинни среди крупных форм рельефа парка.,unesco_whc:1094,purnululu-unesco,https://whc.unesco.org/en/list/1094,eligible,"Конкретное именованное ущелье, отличное от соседних проходов массива.",sources_checked,2026-09-23,Не подменять фотографией ручья Пикканинни без видимого ущелья.
cathedral-gorge-purnululu,cathedral-gorge-purnululu,Cathedral Gorge,Ущелье Катедрал,gorge,australia,"Пурнулулу, Западная Австралия",,ЮНЕСКО отдельно называет ущелье Катедрал среди туристических форм рельефа парка Пурнулулу.,unesco_whc:1094,purnululu-unesco,https://whc.unesco.org/en/list/1094,eligible,Именованное ущелье с самостоятельными скальными стенами.,reviewed,2026-09-23,Не смешивать с другим Cathedral Gorge за пределами Пурнулулу.
ningaloo-reef,ningaloo-reef,Ningaloo Reef,Риф Нингалу,other,australia,Побережье Западной Австралии,,ЮНЕСКО выделяет именованную прибрежную рифовую систему как главную морскую часть территории Нингалу.,unesco_whc:1369,ningaloo-coast-unesco,https://whc.unesco.org/en/list/1369,eligible,Самостоятельная именованная рифовая система с распознаваемым подводным ландшафтом.,reviewed,2026-09-23,"Не использовать неподтверждённое превосходство по длине; на фото должен быть риф или лагуна, а не только китовая акула."
cape-range-karst,,Cape Range karst,Карст Кейп-Рейндж,geological_formation,australia,"Полуостров Кейп-Рейндж, Западная Австралия",,ЮНЕСКО выделяет наземную карстовую систему Кейп-Рейндж с сетью пещер и подземных водотоков.,unesco_whc:1369,ningaloo-coast-unesco,https://whc.unesco.org/en/list/1369,eligible,"Названная геологическая система, контрастирующая с морским рифом Нингалу.",sources_checked,2026-09-23,Для учебной карточки нужна точно привязанная пещера или схема карстовой системы; общий вид парка недостаточен.
bundera-sinkhole,,Bundera sinkhole,Карстовая воронка Бундера,geological_formation,australia,"Кейп-Рейндж, Западная Австралия",,ЮНЕСКО отдельно называет карстовую воронку Бундера среди особо уязвимых подземных форм территории.,unesco_whc:1369,ningaloo-coast-unesco,https://whc.unesco.org/en/list/1369,eligible,Конкретная именованная карстовая воронка внутри большой системы.,sources_checked,2026-09-23,До публикации требуется точное изображение или корректная собственная схема; объект расположен на территории с ограниченным доступом.
yardie-creek-gorge,yardie-creek-gorge,Yardie Creek Gorge,Ущелье Ярди-Крик,gorge,australia,"Кейп-Рейндж, Западная Австралия",,Служба парков Западной Австралии выделяет ущелье с водой и красными известняковыми стенами в наземной части побережья Нингалу.,unesco_whc:1369,ningaloo-coast-unesco|yardie-creek-dbca-wa,https://whc.unesco.org/en/list/1369|https://exploreparks.dbca.wa.gov.au/site/yardie-creek,eligible,"Именованное ущелье с самостоятельным ландшафтом, отдельно подтверждённое государственным источником.",reviewed,2026-09-23,Не смешивать русло Yardie Creek с более широкой карстовой системой Кейп-Рейндж.
vjetrenica-cave,vjetrenica-cave,Vjetrenica Cave,Пещера Ветреница,cave,bosnia-and-herzegovina,"Равно, юг Боснии и Герцеговины",,ЮНЕСКО выделяет конкретную именованную карстовую пещеру как место с разнообразной подземной фауной и эндемичными видами.,unesco_whc:1673,vjetrenica-cave-unesco,https://whc.unesco.org/en/list/1673,eligible,Самостоятельная именованная пещера с подтверждённой местностью и пригодным изображением внутренней части.,reviewed,2026-09-23,Не превращать заявленное ЮНЕСКО биологическое значение в визуально распознаваемый признак фотографии; не использовать длину без указания методики.
sundarbans-bangladesh,sundarbans-bangladesh,The Sundarbans,Мангровые леса Сундарбан,other,bangladesh,"Побережье Бенгальского залива, Бангладеш",,"Именованный мангровый лес в дельте Ганга, Брахмапутры и Мегхны; ЮНЕСКО выделяет сеть приливных протоков, илистые отмели и лесные острова.",unesco_whc:798,sundarbans-bangladesh-unesco,https://whc.unesco.org/en/list/798,eligible,Самостоятельный именованный физический лесной массив с узнаваемым сочетанием мангров и протоков.,reviewed,2026-09-23,Индийская часть Сундарбана относится к другой строке ЮНЕСКО; для этой карточки использовать подтверждённый снимок из Бангладеш. Не повторять спорные оценки мирового первенства и численности тигров.
bialowieza-forest,bialowieza-forest,Białowieża Forest,Беловежская пуща,other,poland|belarus,Граница Польши и Беларуси,,"ЮНЕСКО описывает единый трансграничный лесной массив с участками старовозрастного леса, валежником и разнообразной лесной фауной.",unesco_whc:33,bialowieza-forest-unesco,https://whc.unesco.org/en/list/33,eligible,"Самостоятельный именованный физический лесной массив, не только административная охраняемая территория.",reviewed,2026-09-23,Снимок относится к польской части леса. Не утверждать по фотографии присутствие зубров или конкретные численности видов.
belize-barrier-reef,belize-barrier-reef,Belize Barrier Reef,Белизский барьерный риф,other,belize,Карибское побережье Белиза,,ЮНЕСКО выделяет именованную протяжённую барьерную рифовую систему с разными типами коралловых сообществ.,unesco_whc:764,belize-barrier-reef-unesco,https://whc.unesco.org/en/list/764,eligible,"Самостоятельная именованная рифовая система, а не один административный резерват.",reviewed,2026-09-24,Не повторять рейтинги длины без одинакового определения барьерного рифа.
great-blue-hole-belize,great-blue-hole-belize,Great Blue Hole,Большая голубая дыра,geological_formation,belize,"Атолл Лайтхаус, Белиз",,"ЮНЕСКО выделяет Blue Hole как особую геологическую формацию, а Совет по туризму Белиза подтверждает её имя и расположение внутри атолла Лайтхаус.",unesco_whc:764,belize-barrier-reef-unesco|belize-blue-hole-tourism|belize-blue-hole-usgs-study,https://whc.unesco.org/en/list/764|https://tourismbelize.com/great-blue-hole-belize-guide|https://www.usgs.gov/publications/a-1500-year-holocene-caribbean-climate-archive-blue-hole-lighthouse-reef-belize,eligible,Отдельная круглая морская карстовая формация с узнаваемым видом сверху.,reviewed,2026-09-25,"Карточка и фото опубликованы; фото The TerraMar Project, CC BY 2.0."
lighthouse-reef-atoll,lighthouse-reef-atoll,Lighthouse Reef,Атолл Лайтхаус,other,belize,Карибское море у Белиза,,ЮНЕСКО называет атолл Лайтхаус одной из крупных частей рифовой системы; в нём расположен Blue Hole.,unesco_whc:764,belize-barrier-reef-unesco|belize-blue-hole-tourism,https://whc.unesco.org/en/list/764|https://tourismbelize.com/great-blue-hole-belize-guide,eligible,Именованный атолл с самостоятельным кольцевым рифовым ландшафтом.,reviewed,2026-09-24,"Для публикации нужен обзор всего атолла, а не только Голубой дыры."
glovers-reef-atoll,glovers-reef-atoll,Glover's Reef,Атолл Гловерс-Риф,other,belize,Карибское море у Белиза,,ЮНЕСКО отдельно называет атолл Гловерс-Риф и его морской резерват.,unesco_whc:764,belize-barrier-reef-unesco,https://whc.unesco.org/en/list/764,eligible,Именованный морской атолл внутри Белизской рифовой системы.,reviewed,2026-09-24,Не дублировать вид Большой голубой дыры как иллюстрацию другого атолла.
half-moon-caye,half-moon-caye,Half Moon Caye,Остров Хаф-Мун-Кей,island,belize,"Атолл Лайтхаус, Белиз",,ЮНЕСКО отдельно называет остров Хаф-Мун-Кей и колонию красноногой олуши на нём.,unesco_whc:764,belize-barrier-reef-unesco,https://whc.unesco.org/en/list/764,eligible,"Именованный остров в рифовой системе, отличимый от общего атолла.",reviewed,2026-09-24,Не сводить карточку к фото птицы без островного ландшафта.
rocky-point-belize,,Rocky Point,Мыс Роки-Пойнт,geological_formation,belize,Северное побережье Белиза,,"ЮНЕСКО отдельно отмечает Роки-Пойнт как место, где барьерный риф подходит к берегу.",unesco_whc:764,belize-barrier-reef-unesco,https://whc.unesco.org/en/list/764,eligible,Именованная прибрежная формация с особым контактом рифа и берега.,sources_checked,2026-09-24,Нужен географически точный обзорный снимок.
bondjagou-forest,,Bondjagou Forest,Лес Бонджагу,other,benin,"Резерват Пенджари, Бенин",,ЮНЕСКО отдельно выделяет полулистопадный лес Бонджагу внутри парка Пенджари.,unesco_whc:749,wap-complex-unesco|pendjari-biosphere-unesco,https://whc.unesco.org/en/list/749|https://www.unesco.org/en/mab/pendjari,eligible,Конкретный именованный лесной массив внутри обширной территории.,sources_checked,2026-09-24,Не заменять общим снимком саванны парка.
huanchaca-plateau,,Huanchaca Meseta,Плато Уанчака,geological_formation,bolivia,"Парк Ноэль-Кемпфф-Меркадо, Боливия",,ЮНЕСКО называет плато Уанчака и изолированные на нём экосистемы серрадо.,unesco_whc:967,noel-kempff-unesco,https://whc.unesco.org/en/list/967,eligible,Конкретное именованное плато с самостоятельным рельефом.,sources_checked,2026-09-24,Для публикации требуется обзор плато или его характерного уступа.
arcoiris-waterfall-bolivia,arcoiris-waterfall-bolivia,Catarata Arcoiris,Водопад Аркоирис,waterfall,bolivia,"Парк Ноэль-Кемпфф-Меркадо, Боливия",,Полевой справочник Fundación Amigos de la Naturaleza отдельно называет водопад Аркоирис внутри парка.,unesco_whc:967,noel-kempff-unesco|noel-kempff-fan-guide,https://whc.unesco.org/en/list/967|https://assets.publishing.service.gov.uk/media/57a08cd9e5274a27b2001491/R7475_-_InforGeneral-1A.pdf,eligible,"Самостоятельный именованный водопад, а не весь парк.",reviewed,2026-09-24,Не использовать неподтверждённые высоту и суперлативы.
casa-de-pedra-cave,casa-de-pedra-cave,Casa de Pedra Cave,Пещера Каза-ди-Педра,cave,brazil,"Атлантический лес, штат Сан-Паулу",,ЮНЕСКО отдельно выделяет входной портал пещеры как характерную форму карстового ландшафта.,unesco_whc:893,atlantic-forest-southeast-unesco,https://whc.unesco.org/en/list/893,eligible,Именованная физическая пещера с отличимым входным порталом.,reviewed,2026-09-24,Не повторять мировой рекорд высоты портала без проверки одинаковой методики измерения.
santana-cave-brazil,santana-cave-brazil,Santana Cave,Пещера Сантана,cave,brazil,"Атлантический лес, штат Сан-Паулу",,ЮНЕСКО отдельно называет пещеру Сантана среди карстовых объектов территории.,unesco_whc:893,atlantic-forest-southeast-unesco,https://whc.unesco.org/en/list/893,eligible,"Самостоятельная именованная пещера, а не название резервата.",reviewed,2026-09-24,"Для публикации нужен снимок, привязанный к этой пещере."
iguape-cananeia-paranagua-estuary,iguape-cananeia-paranagua-estuary,Iguape-Cananéia-Paranaguá estuarine complex,Эстуарный комплекс Игуапи — Кананея — Паранагуа,other,brazil,Побережье штатов Сан-Паулу и Парана,,ЮНЕСКО отдельно называет эстуарный комплекс как часть разнообразия прибрежных экосистем территории.,unesco_whc:893,atlantic-forest-southeast-unesco,https://whc.unesco.org/en/list/893,eligible,Именованная физическая система эстуариев; не тождественна всему объекту наследия.,reviewed,2026-09-24,Для карточки потребуется географически точная карта или обзорный снимок комплекса.
monte-pascoal,monte-pascoal,Monte Pascoal,Гора Монте-Паскоал,mountain,brazil,Юг штата Баия,,"Бразильский государственный источник отдельно подтверждает гору и её вершину внутри парка, входящего в объект ЮНЕСКО.",unesco_whc:892,discovery-coast-unesco|monte-pascoal-bahia-tourism,https://whc.unesco.org/en/list/892|https://www.ba.gov.br/turismo/noticia/2024-07/3480/ha-520-anos-potencial-turistico-do-brasil-era-descoberto,eligible,Отдельная именованная гора с узнаваемым профилем.,reviewed,2026-09-24,Не приравнивать весь парк Монте-Паскоал к горе.
anavilhanas-archipelago,anavilhanas-archipelago,Anavilhanas Archipelago,Архипелаг Анавильянас,island,brazil,"Река Риу-Негру, штат Амазонас",,ЮНЕСКО отдельно описывает речной архипелаг островов и меняющуюся сеть проток.,unesco_whc:998,central-amazon-unesco,https://whc.unesco.org/en/list/998,eligible,"Именованный речной архипелаг, отличимый от национального парка того же имени.",reviewed,2026-09-24,Не включать в текст количественный рейтинг размера архипелага без методики.
amolar-mountain-range,amolar-mountain-range,Amolar mountain ridge,Горный хребет Амолар,mountain,brazil,"Запад Пантанала, штат Мату-Гросу",,ЮНЕСКО выделяет хребет Амолар и резкий переход от него к затапливаемым равнинам Пантанала.,unesco_whc:999,pantanal-conservation-unesco,https://whc.unesco.org/en/list/999,eligible,Самостоятельный именованный горный хребет на границе водно-болотной равнины.,reviewed,2026-09-24,Территория ЮНЕСКО покрывает только часть Пантанала; не выдавать её за весь биом.
fernando-de-noronha-island,fernando-de-noronha-island,Fernando de Noronha,Остров Фернанду-ди-Норонья,island,brazil,Южная Атлантика у побережья Бразилии,,ЮНЕСКО различает главный остров архипелага и меньшие острова; он образован вершинами подводной вулканической гряды.,unesco_whc:1000,brazil-atlantic-islands-unesco,https://whc.unesco.org/en/list/1000,eligible,Отдельный именованный океанический остров.,reviewed,2026-09-24,Карточка главного острова не должна изображать соседний атолл Рокас.
atol-das-rocas,atol-das-rocas,Atol das Rocas,Атолл Рокас,other,brazil,Южная Атлантика у побережья Бразилии,,ЮНЕСКО отдельно описывает эллиптический риф с двумя островами и лагунами.,unesco_whc:1000,brazil-atlantic-islands-unesco,https://whc.unesco.org/en/list/1000,eligible,Именованный атолл с самостоятельной кольцевой рифовой формой.,reviewed,2026-09-24,Не повторять утверждение о единственности в Южной Атлантике без уточнения географических границ.
baia-dos-golfinhos,baia-dos-golfinhos,Baía dos Golfinhos,Залив Гольфиньюс,other,brazil,Остров Фернанду-ди-Норонья,,ЮНЕСКО отдельно называет залив и отмечает постоянное присутствие дельфинов.,unesco_whc:1000,brazil-atlantic-islands-unesco,https://whc.unesco.org/en/list/1000,eligible,Отдельный именованный прибрежный залив.,reviewed,2026-09-24,Не подменять пейзаж залива крупным планом дельфина.
praia-do-sancho,praia-do-sancho,Praia do Sancho,Пляж Саншу,other,brazil,Остров Фернанду-ди-Норонья,,ЮНЕСКО отдельно называет пляж Саншу в составе природных ландшафтов острова.,unesco_whc:1000,brazil-atlantic-islands-unesco,https://whc.unesco.org/en/list/1000,eligible,"Именованный природный пляж, отличимый от острова в целом.",reviewed,2026-09-24,Не повторять субъективный рейтинг красоты.
praia-do-leao,praia-do-leao,Praia do Leão,Пляж Леан,other,brazil,Остров Фернанду-ди-Норонья,,ЮНЕСКО отдельно называет пляж Леан в составе природных ландшафтов острова.,unesco_whc:1000,brazil-atlantic-islands-unesco,https://whc.unesco.org/en/list/1000,eligible,"Именованный природный пляж, отличимый от острова в целом.",reviewed,2026-09-24,Не повторять субъективный рейтинг красоты.
piccaninny-creek,piccaninny-creek,Piccaninny Creek,Ручей Пикканинни,river,australia,"Пурнулулу, Западная Австралия",,"Именованный водоток, пересекающий песчаниковый массив Бангл-Бангл.",unesco_whc:1094,piccaninny-creek-wa-parks|purnululu-unesco,https://exploreparks.dbca.wa.gov.au/site/piccaninny-creek-area|https://whc.unesco.org/en/list/1094,eligible,Конкретный водоток с собственным рельефом и точно привязанным снимком.,reviewed,2026-09-25,Публикационный снимок показывает сухое каменистое русло; не называть его ущельем Пикканинни.
mandu-mandu-gorge,mandu-mandu-gorge,Mandu Mandu Gorge,Ущелье Манду-Манду,gorge,australia,"Кейп-Рейндж, Западная Австралия",,Именованное известняковое ущелье в Кейп-Рейндж.,unesco_whc:1369,mandu-mandu-wa-parks|ningaloo-coast-unesco,https://exploreparks.dbca.wa.gov.au/site/mandu-mandu-gorge|https://whc.unesco.org/en/list/1369,eligible,Отдельное ущелье с подтверждённым названием и собственным снимком.,reviewed,2026-09-25,
charles-knife-canyon,charles-knife-canyon,Charles Knife Canyon,Каньон Чарльз-Найф,canyon,australia,"Кейп-Рейндж, Западная Австралия",,Именованный каньон на восточном склоне Кейп-Рейндж.,unesco_whc:1369,charles-knife-wa-parks|ningaloo-coast-unesco,https://exploreparks.dbca.wa.gov.au/site/charles-knife-canyon|https://whc.unesco.org/en/list/1369,eligible,Конкретный скалистый каньон с отдельным обзорным снимком.,reviewed,2026-09-25,
laughing-bird-caye,laughing-bird-caye,Laughing Bird Caye,Остров Лафинг-Бёрд-Кей,island,belize,"Карибское море, Белиз",,Именованный коралловый остров в составе охраняемого ЮНЕСКО Белизского барьерного рифа.,unesco_whc:764,belize-barrier-reef-unesco,https://whc.unesco.org/en/list/764,eligible,Отдельный именованный остров с точно подписанной фотографией.,reviewed,2026-09-25,Не путать остров с охраняемой акваторией национального парка вокруг него.
pendjari-river,pendjari-river,Pendjari River,Река Пенджари,river,benin,Северо-запад Бенина,,"Постоянный водоток у национального парка Пенджари, подтверждённый документом ЮНЕСКО.",unesco_whc:749,pendjari-river-unesco-doc|wap-complex-unesco,https://whc.unesco.org/document/106509|https://whc.unesco.org/en/list/749,eligible,Отдельная река с точно подписанным снимком.,reviewed,2026-09-25,
rio-itenez,rio-itenez,Río Iténez,Река Итенес,river,bolivia|brazil,Граница Боливии и Бразилии,,"Крупный приграничный водоток, связанный с пойменными экосистемами парка Ноэль-Кемпфф-Меркадо.",unesco_whc:967,rio-itenez-unesco-nomination|noel-kempff-unesco,https://whc.unesco.org/document/1075|https://whc.unesco.org/en/list/967,eligible,Конкретная река с собственным географически подписанным снимком.,reviewed,2026-09-25,На снимке не устанавливать точный участок реки относительно границ парка.
