media_id,content_entry_ids,source_page_url,original_asset_url,publisher,author,rights_holder,license,rights_url,attribution_text,checked_at,decision,decision_reason,notes
flag-mexico,mexico-national-flag,https://commons.wikimedia.org/wiki/File:Flag_of_Mexico.svg,https://upload.wikimedia.org/wikipedia/commons/f/fc/Flag_of_Mexico.svg?utm_source=commons.wikimedia.org&utm_campaign=imageinfo&utm_content=original,Wikimedia Commons,"Omar Alejandro Covarrubias Neri  , 9 April 2006.   Based on the 1968 arms by Francisco Eppens Helguera and Juan Manuel Gabino Villascán.",,Public domain,,,2026-09-22,needs_revalidation,Существующий опубликованный файл; повторная проверка по единому процессу.,
flag-india,india-national-flag,https://commons.wikimedia.org/wiki/File:Flag_of_India.svg,https://upload.wikimedia.org/wikipedia/commons/4/41/Flag_of_India.svg?utm_source=commons.wikimedia.org&utm_campaign=imageinfo&utm_content=original,Wikimedia Commons,Government of India,,Public domain,,,2026-09-22,needs_revalidation,Существующий опубликованный файл; повторная проверка по единому процессу.,
flag-brazil,brazil-national-flag,https://commons.wikimedia.org/wiki/File:Flag_of_Brazil.svg,https://upload.wikimedia.org/wikipedia/commons/0/05/Flag_of_Brazil.svg?utm_source=commons.wikimedia.org&utm_campaign=imageinfo&utm_content=original,Wikimedia Commons,Raimundo Teixeira Mendes,,Public domain,,,2026-09-22,needs_revalidation,Существующий опубликованный файл; повторная проверка по единому процессу.,
flag-canada,canada-national-flag,https://commons.wikimedia.org/wiki/File:Flag_of_Canada_(Pantone).svg,https://upload.wikimedia.org/wikipedia/commons/d/d9/Flag_of_Canada_%28Pantone%29.svg?utm_source=commons.wikimedia.org&utm_campaign=imageinfo&utm_content=original,Wikimedia Commons,Original: George F. G. Stanley; SVG rewrite: MapGrid,,Public domain,,,2026-09-22,needs_revalidation,Существующий опубликованный файл; повторная проверка по единому процессу.,
emblem-mexico,mexico-coat-of-arms,https://commons.wikimedia.org/wiki/File:Coat_of_arms_of_Mexico.svg,https://upload.wikimedia.org/wikipedia/commons/2/2a/Coat_of_arms_of_Mexico.svg?utm_source=commons.wikimedia.org&utm_campaign=imageinfo&utm_content=original,Wikimedia Commons,Omar Alejandro Covarrubias Neri  based on the arms by Francisco Eppens Helguera (1968) and Juan Manuel Gabino Villascán.,,Public domain,,,2026-09-22,needs_revalidation,Существующий опубликованный файл; повторная проверка по единому процессу.,
emblem-india,india-state-emblem,https://commons.wikimedia.org/wiki/File:Emblem_of_India.svg,https://upload.wikimedia.org/wikipedia/commons/5/55/Emblem_of_India.svg?utm_source=commons.wikimedia.org&utm_campaign=imageinfo&utm_content=original,Wikimedia Commons,Government of India,,Public domain,,,2026-09-22,needs_revalidation,Существующий опубликованный файл; повторная проверка по единому процессу.,
emblem-brazil,brazil-coat-of-arms,https://commons.wikimedia.org/wiki/File:Coat_of_arms_of_Brazil.svg,https://upload.wikimedia.org/wikipedia/commons/b/bf/Coat_of_arms_of_Brazil.svg?utm_source=commons.wikimedia.org&utm_campaign=imageinfo&utm_content=original,Wikimedia Commons,,,Public domain,,,2026-09-22,needs_revalidation,Существующий опубликованный файл; повторная проверка по единому процессу.,
emblem-south-africa,south-africa-coat-of-arms,https://commons.wikimedia.org/wiki/File:Coat_of_arms_of_South_Africa_(heraldic).svg,https://upload.wikimedia.org/wikipedia/commons/f/f0/Coat_of_arms_of_South_Africa_%28heraldic%29.svg?utm_source=commons.wikimedia.org&utm_campaign=imageinfo&utm_content=original,Wikimedia Commons,Echando una mano,,CC BY-SA 4.0,https://creativecommons.org/licenses/by-sa/4.0,Echando una mano / Wikimedia Commons,2026-09-22,needs_revalidation,Существующий опубликованный файл; повторная проверка по единому процессу.,
landmark-grand-canyon,grand-canyon,https://commons.wikimedia.org/wiki/File:Grand_Canyon_Powell_Point_Evening_Light_02_2013.jpg,https://upload.wikimedia.org/wikipedia/commons/0/01/Grand_Canyon_Powell_Point_Evening_Light_02_2013.jpg?utm_source=commons.wikimedia.org&utm_campaign=imageinfo&utm_content=original,Wikimedia Commons,Tuxyso,,CC BY-SA 3.0,https://creativecommons.org/licenses/by-sa/3.0,Tuxyso /  Wikimedia Commons,2026-09-22,needs_revalidation,Существующий опубликованный файл; повторная проверка по единому процессу.,
landmark-uluru,uluru,"https://commons.wikimedia.org/wiki/File:Ulu%E1%B9%9Fu_(Ayers_Rock),_Sunset.jpg",https://upload.wikimedia.org/wikipedia/commons/2/2f/Ulu%E1%B9%9Fu_%28Ayers_Rock%29%2C_Sunset.jpg,Wikimedia Commons,Weyf,,CC0,https://creativecommons.org/publicdomain/zero/1.0/,Weyf / Wikimedia Commons,2026-09-22,needs_revalidation,Существующий опубликованный файл; повторная проверка по единому процессу.,
landmark-fuji,mount-fuji,"https://commons.wikimedia.org/wiki/File:Mount_Fuji_at_sunset,_March_2025.jpg",https://upload.wikimedia.org/wikipedia/commons/6/66/Mount_Fuji_at_sunset%2C_March_2025.jpg?utm_source=commons.wikimedia.org&utm_campaign=imageinfo&utm_content=original,Wikimedia Commons,"Romain Guy  from San Francisco, USA",,CC0,http://creativecommons.org/publicdomain/zero/1.0/deed.en,,2026-09-22,needs_revalidation,Существующий опубликованный файл; повторная проверка по единому процессу.,
landmark-victoria-falls,victoria-falls,"https://commons.wikimedia.org/wiki/File:Cataratas_Victoria,_Zambia-Zimbabue,_2018-07-27,_DD_30-34_PAN.jpg",https://upload.wikimedia.org/wikipedia/commons/8/81/Cataratas_Victoria%2C_Zambia-Zimbabue%2C_2018-07-27%2C_DD_30-34_PAN.jpg?utm_source=commons.wikimedia.org&utm_campaign=imageinfo&utm_content=original,Wikimedia Commons,Diego Delso,,CC BY-SA 4.0,https://creativecommons.org/licenses/by-sa/4.0,Diego Delso,2026-09-22,needs_revalidation,Существующий опубликованный файл; повторная проверка по единому процессу.,
flag-albania,albania-national-flag,https://commons.wikimedia.org/wiki/File:Flag_of_Albania.svg,https://upload.wikimedia.org/wikipedia/commons/3/36/Flag_of_Albania.svg,Wikimedia Commons,Sadik Kaceli,,Public domain,,,2026-09-22,approved,Страница файла и статус Public domain проверены перед публикацией.,
flag-angola,angola-national-flag,https://commons.wikimedia.org/wiki/File:Flag_of_Angola.svg,https://upload.wikimedia.org/wikipedia/commons/9/9d/Flag_of_Angola.svg,Wikimedia Commons,Henrique de Carvalho Santos; vector: SKopp,,Public domain,,,2026-09-22,approved,Страница файла и статус Public domain проверены перед публикацией.,
flag-azerbaijan,azerbaijan-state-flag,https://commons.wikimedia.org/wiki/File:Flag_of_Azerbaijan.svg,https://upload.wikimedia.org/wikipedia/commons/d/dd/Flag_of_Azerbaijan.svg,Wikimedia Commons,SKopp and contributors,,Public domain,,,2026-09-22,approved,Страница файла и статус Public domain проверены перед публикацией.,
flag-argentina,argentina-national-flag,https://commons.wikimedia.org/wiki/File:Flag_of_Argentina.svg,https://upload.wikimedia.org/wikipedia/commons/1/1a/Flag_of_Argentina.svg,Wikimedia Commons,Manuel Belgrano,,Public domain,,,2026-09-22,approved,Страница файла и статус Public domain проверены перед публикацией.,
flag-austria-state,austria-federal-service-flag,https://commons.wikimedia.org/wiki/File:Flag_of_Austria_(state).svg,https://upload.wikimedia.org/wikipedia/commons/8/88/Flag_of_Austria_%28state%29.svg,Wikimedia Commons,Peter Diem,,Public domain,,,2026-09-22,approved,Страница файла и статус Public domain проверены перед публикацией.,
emblem-albania,albania-coat-of-arms,https://commons.wikimedia.org/wiki/File:Coat_of_arms_of_Albania.svg,https://upload.wikimedia.org/wikipedia/commons/6/6e/Coat_of_arms_of_Albania.svg,Wikimedia Commons,Government of Albania,,Public domain,,,2026-09-22,approved,Страница файла и статус Public domain проверены перед публикацией.,
emblem-angola,angola-insignia-of-the-republic,https://commons.wikimedia.org/wiki/File:Emblem_of_Angola.svg,https://upload.wikimedia.org/wikipedia/commons/f/ff/Emblem_of_Angola.svg,Wikimedia Commons,,,Public domain,,,2026-09-22,approved,Страница файла и статус Public domain проверены перед публикацией.,
emblem-azerbaijan,azerbaijan-state-emblem,https://commons.wikimedia.org/wiki/File:Emblem_of_Azerbaijan.svg,https://upload.wikimedia.org/wikipedia/commons/6/6b/Emblem_of_Azerbaijan.svg,Wikimedia Commons,Original: BetacommandBot; vector: Zscout370,,Public domain,,,2026-09-22,approved,Страница файла и статус Public domain проверены перед публикацией.,
emblem-argentina,argentina-national-coat-of-arms,https://commons.wikimedia.org/wiki/File:Coat_of_arms_of_Argentina.svg,https://upload.wikimedia.org/wikipedia/commons/f/ff/Coat_of_arms_of_Argentina.svg,Wikimedia Commons,Dexxter; based on the official national symbol,,Public domain,,,2026-09-22,approved,Страница файла и статус Public domain проверены перед публикацией.,
emblem-austria,austria-federal-coat-of-arms,https://commons.wikimedia.org/wiki/File:Coat_of_arms_of_Austria.svg,https://upload.wikimedia.org/wikipedia/commons/4/4a/Coat_of_arms_of_Austria.svg,Wikimedia Commons,David Liuzzo and contributors,,Public domain,,,2026-09-22,approved,Страница файла и статус Public domain проверены перед публикацией.,
landmark-iguazu-falls,iguazu-falls,https://commons.wikimedia.org/wiki/File:Iguazu_Falls_Panorama_2009.jpg,https://upload.wikimedia.org/wikipedia/commons/5/5b/Iguazu_Falls_Panorama_2009.jpg,Wikimedia Commons,Mariordo (Mario Roberto Durán Ortiz),,CC BY-SA 4.0,https://creativecommons.org/licenses/by-sa/4.0,Mariordo (Mario Roberto Durán Ortiz) / Wikimedia Commons / CC BY-SA 4.0,2026-09-22,approved,Автор и лицензия сверены через Commons API.,
landmark-great-barrier-reef,great-barrier-reef,https://commons.wikimedia.org/wiki/File:Aerial_View_of_Great_Barrier_Reef_(Ank_Kumar)_02.jpg,https://upload.wikimedia.org/wikipedia/commons/1/12/Aerial_View_of_Great_Barrier_Reef_%28Ank_Kumar%29_02.jpg,Wikimedia Commons,Ank Kumar,,CC BY-SA 4.0,https://creativecommons.org/licenses/by-sa/4.0,Ank Kumar / Wikimedia Commons / CC BY-SA 4.0,2026-09-22,approved,Автор и лицензия сверены через Commons API.,
landmark-okavango-delta,okavango-delta,"https://commons.wikimedia.org/wiki/File:Okavango_Delta,_Botswana.jpg",https://upload.wikimedia.org/wikipedia/commons/c/c7/Okavango_Delta%2C_Botswana.jpg,Wikimedia Commons,Joachim Huber,,CC BY-SA 2.0,https://creativecommons.org/licenses/by-sa/2.0,Joachim Huber / Wikimedia Commons / CC BY-SA 2.0,2026-09-22,approved,Автор и лицензия сверены через Commons API.,
landmark-plitvice-lakes,plitvice-lakes,https://commons.wikimedia.org/wiki/File:Plitvice_Lakes_Croatia.jpg,https://upload.wikimedia.org/wikipedia/commons/3/3a/Plitvice_Lakes_Croatia.jpg,Wikimedia Commons,Sheeba Samuel,,CC BY-SA 4.0,https://creativecommons.org/licenses/by-sa/4.0,Sheeba Samuel / Wikimedia Commons / CC BY-SA 4.0,2026-09-22,approved,Автор и лицензия сверены через Commons API.,
landmark-socotra,socotra-archipelago,"https://commons.wikimedia.org/wiki/File:Dragon's_Blood_Trees,_Socotra_Is._(22903622819).jpg",https://upload.wikimedia.org/wikipedia/commons/c/ca/Dragon%27s_Blood_Trees%2C_Socotra_Is._%2822903622819%29.jpg,Wikimedia Commons,Rod Waddington,,CC BY-SA 2.0,https://creativecommons.org/licenses/by-sa/2.0,Rod Waddington / Wikimedia Commons / CC BY-SA 2.0,2026-09-22,approved,Автор и лицензия сверены через Commons API.,
flag-bhutan,bhutan-national-flag,https://commons.wikimedia.org/wiki/File:Flag_of_Bhutan.svg,https://upload.wikimedia.org/wikipedia/commons/9/91/Flag_of_Bhutan.svg,Wikimedia Commons,Open Clip Art contributors; subsequent Wikimedia Commons editors (see file history),,Public domain,https://commons.wikimedia.org/wiki/File:Flag_of_Bhutan.svg,,2026-09-23,approved,"Проверены страница конкретного файла, права и локальный актив.",
flag-barbados,barbados-national-flag,https://commons.wikimedia.org/wiki/File:Flag_of_Barbados.svg,https://upload.wikimedia.org/wikipedia/commons/e/ef/Flag_of_Barbados.svg,Wikimedia Commons,Denelson83; later Wikimedia Commons editors,,Public domain,https://commons.wikimedia.org/wiki/File:Flag_of_Barbados.svg,,2026-09-23,approved,"Проверены страница конкретного файла, права и локальный актив.",
photo-seongsan-ilchulbong,seongsan-ilchulbong,https://commons.wikimedia.org/wiki/File:Seongsan_Ilchulbong_from_the_air.jpg,https://upload.wikimedia.org/wikipedia/commons/6/61/Seongsan_Ilchulbong_from_the_air.jpg,Wikimedia Commons,Korea.net / Korean Culture and Information Service,Korean Culture and Information Service,CC BY-SA 2.0,https://creativecommons.org/licenses/by-sa/2.0/,"Korea.net / Korean Culture and Information Service, CC BY-SA 2.0; изображение уменьшено до 1280 px без иных изменений.",2026-09-23,approved,"Проверены страница конкретного файла, права и локальный актив.",
photo-mount-halla,mount-halla,"https://commons.wikimedia.org/wiki/File:The_Peak_of_Hallasan,_Baengnokdam_2.jpg",https://upload.wikimedia.org/wikipedia/commons/7/71/The_Peak_of_Hallasan%2C_Baengnokdam_2.jpg,Wikimedia Commons,Joshua0608,Joshua0608,CC BY-SA 4.0,https://creativecommons.org/licenses/by-sa/4.0/,"Joshua0608, CC BY-SA 4.0; изображение уменьшено до 1280 px без иных изменений.",2026-09-23,approved,"Проверены страница конкретного файла, права и локальный актив.",
flag-antigua-and-barbuda,antigua-and-barbuda-national-flag,https://commons.wikimedia.org/wiki/File:Flag_of_Antigua_and_Barbuda.svg,https://upload.wikimedia.org/wikipedia/commons/8/89/Flag_of_Antigua_and_Barbuda.svg,Wikimedia Commons,Original design: Sir Reginald Samuel; SVG: David Benbennick and Wikimedia Commons editors,,Public domain,https://commons.wikimedia.org/wiki/File:Flag_of_Antigua_and_Barbuda.svg,,2026-09-23,approved,"Проверены страница конкретного файла, права и локальный актив.",
photo-mount-kilimanjaro,mount-kilimanjaro,https://commons.wikimedia.org/wiki/File:Kilimanjaro_from_Amboseli.jpg,https://upload.wikimedia.org/wikipedia/commons/6/6c/Kilimanjaro_from_Amboseli.jpg,Wikimedia Commons,Sergey Pesterev,Sergey Pesterev,CC BY-SA 4.0,https://creativecommons.org/licenses/by-sa/4.0/,"© Sergey Pesterev / Wikimedia Commons, CC BY-SA 4.0; изображение уменьшено до 1280 px без иных изменений.",2026-09-23,approved,"Проверены страница конкретного файла, права и локальный актив.",
photo-lake-baikal,lake-baikal,https://commons.wikimedia.org/wiki/File:Panorama_of_lake_Baikal.jpg,https://upload.wikimedia.org/wikipedia/commons/3/35/Panorama_of_lake_Baikal.jpg,Wikimedia Commons,Sergey Pesterev,Sergey Pesterev,CC BY-SA 4.0,https://creativecommons.org/licenses/by-sa/4.0/,"© Sergey Pesterev / Wikimedia Commons, CC BY-SA 4.0; изображение уменьшено до 1280 px без иных изменений.",2026-09-23,approved,"Проверены страница конкретного файла, права и локальный актив.",
photo-namib-sand-sea,namib-sand-sea,https://commons.wikimedia.org/wiki/File:Namib_Sand_Sea_Swakopmund.tif,https://upload.wikimedia.org/wikipedia/commons/3/39/Namib_Sand_Sea_Swakopmund.tif,Wikimedia Commons,Buiobuione,Buiobuione,CC BY-SA 4.0,https://creativecommons.org/licenses/by-sa/4.0/,"Buiobuione / Wikimedia Commons, CC BY-SA 4.0; уменьшенная до 1280 px JPEG-копия исходного TIFF без иных изменений.",2026-09-23,approved,"Проверены страница конкретного файла, права и локальный актив.",
photo-geomunoreum-lava-tubes,geomunoreum-lava-tubes,https://commons.wikimedia.org/wiki/File:Jeju-Manjanggul_Lava_Tube.jpg,https://upload.wikimedia.org/wikipedia/commons/7/7c/Jeju-Manjanggul_Lava_Tube.jpg,Wikimedia Commons,Olga Lipunova,Olga Lipunova,CC BY-SA 3.0,https://creativecommons.org/licenses/by-sa/3.0/,"Olga Lipunova / Wikimedia Commons, CC BY-SA 3.0; изображение уменьшено до 1280 px без иных изменений.",2026-09-23,approved,"Проверены страница конкретного файла, права и локальный актив.",
flag-bosnia-and-herzegovina,bosnia-and-herzegovina-national-flag,https://commons.wikimedia.org/wiki/File:Flag_of_Bosnia_and_Herzegovina.svg,https://upload.wikimedia.org/wikipedia/commons/b/bf/Flag_of_Bosnia_and_Herzegovina.svg,Wikimedia Commons,Mladen Kolobarić; later Wikimedia Commons editors,,Public domain,https://commons.wikimedia.org/wiki/File:Flag_of_Bosnia_and_Herzegovina.svg,,2026-09-23,approved,"Проверены страница конкретного файла, права и локальный актив.",
emblem-bosnia-and-herzegovina,bosnia-and-herzegovina-coat-of-arms,https://commons.wikimedia.org/wiki/File:Coat_of_arms_of_Bosnia_and_Herzegovina.svg,https://upload.wikimedia.org/wikipedia/commons/d/d4/Coat_of_arms_of_Bosnia_and_Herzegovina.svg,Wikimedia Commons,Vernes Seferovic; later Wikimedia Commons editors,,Public domain — Bosnia and Herzegovina official symbol,https://commons.wikimedia.org/wiki/File:Coat_of_arms_of_Bosnia_and_Herzegovina.svg,,2026-09-23,approved,"Проверены страница конкретного файла, права и локальный актив.",
flag-botswana-presidential-standard,botswana-presidential-standard,https://commons.wikimedia.org/wiki/File:Flag_of_the_President_of_Botswana.svg,https://upload.wikimedia.org/wikipedia/commons/5/5c/Flag_of_the_President_of_Botswana.svg,Wikimedia Commons,Zscout370; coat of arms vector by Sodacan and later Wikimedia Commons editors,,CC BY-SA 3.0 (coat of arms vectorization); flag composition marked public domain on file page,https://creativecommons.org/licenses/by-sa/3.0/,Zscout370; герб: Sodacan и редакторы Wikimedia Commons / CC BY-SA 3.0. Исходный SVG без изменений.,2026-09-23,approved,"Проверены страница конкретного файла, права и локальный актив.",
emblem-botswana,botswana-coat-of-arms,https://commons.wikimedia.org/wiki/File:Coat_of_arms_of_Botswana.svg,https://upload.wikimedia.org/wikipedia/commons/d/de/Coat_of_arms_of_Botswana.svg,Wikimedia Commons,Sodacan; later Wikimedia Commons editors,,CC BY-SA 3.0,https://creativecommons.org/licenses/by-sa/3.0/,Sodacan и редакторы Wikimedia Commons / CC BY-SA 3.0. Исходный SVG без изменений.,2026-09-23,approved,"Проверены страница конкретного файла, права и локальный актив.",
emblem-brazil-national-seal,brazil-national-seal,https://commons.wikimedia.org/wiki/File:National_Seal_of_Brazil.svg,https://upload.wikimedia.org/wikipedia/commons/f/f6/National_Seal_of_Brazil.svg,Wikimedia Commons,Brazilian Government; later Wikimedia Commons editors,,Public domain — Brazilian government symbol,https://commons.wikimedia.org/wiki/File:National_Seal_of_Brazil.svg,,2026-09-23,approved,"Проверены страница конкретного файла, права и локальный актив.",
flag-solomon-islands,solomon-islands-national-flag,https://commons.wikimedia.org/wiki/File:Flag_of_the_Solomon_Islands.svg,https://upload.wikimedia.org/wikipedia/commons/7/74/Flag_of_the_Solomon_Islands.svg,Wikimedia Commons,SKopp; later Wikimedia Commons editors,,Public domain — simple geometry,https://commons.wikimedia.org/wiki/File:Flag_of_the_Solomon_Islands.svg,,2026-09-23,approved,"Проверены страница конкретного файла, права и локальный актив.",
emblem-solomon-islands,solomon-islands-coat-of-arms,https://commons.wikimedia.org/wiki/File:Coat_of_arms_of_the_Solomon_Islands.svg,https://upload.wikimedia.org/wikipedia/commons/8/83/Coat_of_arms_of_the_Solomon_Islands.svg,Wikimedia Commons,Prez001; later Wikimedia Commons editors,,CC BY-SA 3.0,https://creativecommons.org/licenses/by-sa/3.0/,Prez001 и редакторы Wikimedia Commons / CC BY-SA 3.0. Исходный SVG без изменений.,2026-09-23,approved,"Проверены страница конкретного файла, права и локальный актив.",
flag-brunei,brunei-national-flag,https://commons.wikimedia.org/wiki/File:Flag_of_Brunei.svg,https://upload.wikimedia.org/wikipedia/commons/9/9c/Flag_of_Brunei.svg,Wikimedia Commons,Nightstallion; Wikimedia Commons editors,,Public domain — flag,https://commons.wikimedia.org/wiki/File:Flag_of_Brunei.svg,,2026-09-23,approved,"Проверены страница конкретного файла, права и локальный актив.",
emblem-brunei,brunei-national-emblem,https://commons.wikimedia.org/wiki/File:Emblem_of_Brunei.svg,https://upload.wikimedia.org/wikipedia/commons/0/09/Emblem_of_Brunei.svg,Wikimedia Commons,Open Clip Art Library contributors; Wikimedia Commons editors,,CC0 1.0,https://creativecommons.org/publicdomain/zero/1.0/,,2026-09-23,approved,"Проверены страница конкретного файла, права и локальный актив.",
photo-surtsey,surtsey,https://commons.wikimedia.org/wiki/File:Surtsey_from_air_by_Bruce_McAdam.jpg,https://upload.wikimedia.org/wikipedia/commons/2/28/Surtsey_from_air_by_Bruce_McAdam.jpg,Wikimedia Commons,Bruce McAdam,Bruce McAdam,CC BY-SA 2.0,https://creativecommons.org/licenses/by-sa/2.0/,"Bruce McAdam / Wikimedia Commons, CC BY-SA 2.0; изображение уменьшено до 1280 px без иных изменений относительно версии Commons с коррекцией цвета и контраста 2020 года.",2026-09-23,approved,"Проверены страница конкретного файла, права и локальный актив.",
photo-giants-causeway,giants-causeway,https://commons.wikimedia.org/wiki/File:Giant%27s_Causeway_2006_08.jpg,https://upload.wikimedia.org/wikipedia/commons/2/23/Giant%27s_Causeway_2006_08.jpg,Wikimedia Commons,Man vyi,Man vyi,Public domain — released by author,https://commons.wikimedia.org/wiki/File:Giant%27s_Causeway_2006_08.jpg,,2026-09-23,approved,"Проверены страница конкретного файла, права и локальный актив.",
photo-mount-teide,mount-teide,https://commons.wikimedia.org/wiki/File:Mount_Teide_Tenerife_IMGP2064.jpg,https://upload.wikimedia.org/wikipedia/commons/f/f2/Mount_Teide_Tenerife_IMGP2064.jpg,Wikimedia Commons,Nikodem Nijaki,Nikodem Nijaki,CC BY-SA 3.0,https://creativecommons.org/licenses/by-sa/3.0/,"Nikodem Nijaki / Wikimedia Commons, CC BY-SA 3.0; изображение уменьшено до 1280 px без иных изменений.",2026-09-23,approved,"Проверены страница конкретного файла, права и локальный актив.",
flag-myanmar,myanmar-national-flag,https://commons.wikimedia.org/wiki/File:Flag_of_Myanmar.svg,https://upload.wikimedia.org/wikipedia/commons/8/8c/Flag_of_Myanmar.svg,Wikimedia Commons,"Original flag specification: Government of Myanmar; SVG editors: Zscout370, Perhelion and Wikimedia Commons contributors",,Public domain — official flag geometry,https://commons.wikimedia.org/wiki/File:Flag_of_Myanmar.svg,,2026-09-23,approved,"Проверены страница конкретного файла, права и локальный актив.",
flag-burundi,burundi-national-flag,https://commons.wikimedia.org/wiki/File:Flag_of_Burundi.svg,https://upload.wikimedia.org/wikipedia/commons/5/50/Flag_of_Burundi.svg,Wikimedia Commons,Wikimedia Commons contributors; current version restored by 9BBWMJ,,Public domain — flag geometry,https://commons.wikimedia.org/wiki/File:Flag_of_Burundi.svg,,2026-09-23,approved,"Проверены страница конкретного файла, права и локальный актив.",
emblem-burundi,burundi-coat-of-arms,https://commons.wikimedia.org/wiki/File:Coat_of_arms_of_Burundi.svg,https://upload.wikimedia.org/wikipedia/commons/f/fd/Coat_of_arms_of_Burundi.svg,Wikimedia Commons,Tonyjeff; later Wikimedia Commons editors,,Public domain — released by vector author,https://commons.wikimedia.org/wiki/File:Coat_of_arms_of_Burundi.svg,,2026-09-23,approved,"Проверены страница конкретного файла, права и локальный актив.",
flag-cambodia,cambodia-national-flag,https://commons.wikimedia.org/wiki/File:Flag_of_Cambodia.svg,https://upload.wikimedia.org/wikipedia/commons/8/83/Flag_of_Cambodia.svg,Wikimedia Commons,Unknown author; Open Clip Art Library contributor,,Public domain / CC0,https://commons.wikimedia.org/wiki/File:Flag_of_Cambodia.svg,,2026-09-23,approved,"Проверены страница конкретного файла, права и локальный актив.",
emblem-cambodia,cambodia-coat-of-arms,https://commons.wikimedia.org/wiki/File:Royal_arms_of_Cambodia.svg,https://upload.wikimedia.org/wikipedia/commons/1/1e/Royal_arms_of_Cambodia.svg,Wikimedia Commons,Sodacan; later resizing by NorthTension,,CC BY-SA 3.0,https://creativecommons.org/licenses/by-sa/3.0/,"Royal arms of Cambodia — Sodacan, Wikimedia Commons, CC BY-SA 3.0; later resizing by NorthTension; no changes made for this project.",2026-09-23,approved,"Проверены страница конкретного файла, права и локальный актив.",
flag-belarus,belarus-national-flag,https://commons.wikimedia.org/wiki/File:Flag_of_Belarus.svg,https://upload.wikimedia.org/wikipedia/commons/8/85/Flag_of_Belarus.svg,Wikimedia Commons,MapGrid; earlier Wikimedia Commons contributors,,Public domain — Belarus state symbol and author dedication,https://commons.wikimedia.org/wiki/File:Flag_of_Belarus.svg,,2026-09-23,approved,"Проверены страница конкретного файла, права и локальный актив.",
emblem-belarus,belarus-state-emblem,https://commons.wikimedia.org/wiki/File:Coat_of_arms_of_Belarus_(2020%E2%80%93present).svg,https://upload.wikimedia.org/wikipedia/commons/4/48/Coat_of_arms_of_Belarus_%282020%E2%80%93present%29.svg,Wikimedia Commons,Кот Баюн; Добромир Костадинов,,Public domain — Belarus state symbol,https://commons.wikimedia.org/wiki/File:Coat_of_arms_of_Belarus_(2020%E2%80%93present).svg,,2026-09-23,approved,"Проверены страница конкретного файла, права и локальный актив.",
flag-cameroon,cameroon-national-flag,https://commons.wikimedia.org/wiki/File:Flag_of_Cameroon.svg,https://upload.wikimedia.org/wikipedia/commons/4/4f/Flag_of_Cameroon.svg,Wikimedia Commons,SKopp; SVG code by -xfi-,,Public domain — Cameroon official insignia and simple geometry,https://commons.wikimedia.org/wiki/File:Flag_of_Cameroon.svg,,2026-09-23,approved,"Проверены страница конкретного файла, права и локальный актив.",
emblem-cameroon,cameroon-coat-of-arms,https://commons.wikimedia.org/wiki/File:Coat_of_arms_of_Cameroon.svg,https://upload.wikimedia.org/wikipedia/commons/b/b5/Coat_of_arms_of_Cameroon.svg,Wikimedia Commons,Original author unknown; vector by Connormah; later Wikimedia Commons editors,,Public domain — Cameroon official insignia,https://commons.wikimedia.org/wiki/File:Coat_of_arms_of_Cameroon.svg,,2026-09-23,approved,"Проверены страница конкретного файла, права и локальный актив.",
photo-perito-moreno-glacier,perito-moreno-glacier,https://commons.wikimedia.org/wiki/File:Glaciar-Perito-Moreno-01.jpg,https://upload.wikimedia.org/wikipedia/commons/c/c8/Glaciar-Perito-Moreno-01.jpg,Wikimedia Commons,Tibby Jones,Tibby Jones,CC BY 2.0,https://creativecommons.org/licenses/by/2.0/,"Tibby Jones / Wikimedia Commons, CC BY 2.0; без изменений.",2026-09-23,approved,"Проверены страница конкретного файла, права и локальный актив.",
flag-cabo-verde,cabo-verde-national-flag,https://commons.wikimedia.org/wiki/File:Flag_of_Cape_Verde_(3-2).svg,https://upload.wikimedia.org/wikipedia/commons/7/7a/Flag_of_Cape_Verde_%283-2%29.svg,Wikimedia Commons,Pedro Gregório (original design); SKopp (vector); later Wikimedia Commons editors,,Public domain — simple geometry,https://commons.wikimedia.org/wiki/File:Flag_of_Cape_Verde_(3-2).svg,,2026-09-23,approved,"Проверены страница конкретного файла, права и локальный актив.",
emblem-cabo-verde,cabo-verde-national-emblem,https://commons.wikimedia.org/wiki/File:Coat_of_arms_of_Cape_Verde.svg,https://upload.wikimedia.org/wikipedia/commons/c/ce/Coat_of_arms_of_Cape_Verde.svg,Wikimedia Commons,Tonyjeff; Waldyrious; later Wikimedia Commons editors,,Public domain — author dedication,https://commons.wikimedia.org/wiki/File:Coat_of_arms_of_Cape_Verde.svg,,2026-09-23,approved,"Проверены страница конкретного файла, права и локальный актив.",
flag-central-african-republic,central-african-republic-national-flag,https://commons.wikimedia.org/wiki/File:Flag_of_the_Central_African_Republic.svg,https://upload.wikimedia.org/wikipedia/commons/6/6f/Flag_of_the_Central_African_Republic.svg,Wikimedia Commons,Barthélemy Boganda (design); MapGrid and Wikimedia Commons editors (vector),,Public domain — simple geometry; Central African Republic copyright term,https://commons.wikimedia.org/wiki/File:Flag_of_the_Central_African_Republic.svg,,2026-09-23,approved,"Проверены страница конкретного файла, права и локальный актив.",
emblem-central-african-republic,central-african-republic-coat-of-arms,https://commons.wikimedia.org/wiki/File:Coat_of_arms_of_the_Central_African_Republic.svg,https://upload.wikimedia.org/wikipedia/commons/0/0a/Coat_of_arms_of_the_Central_African_Republic.svg,Wikimedia Commons,Original artist unknown; TRAJAN 117 and later Wikimedia Commons editors (vector),,Public domain — Central African Republic copyright term; no original authorship,https://commons.wikimedia.org/wiki/File:Coat_of_arms_of_the_Central_African_Republic.svg,,2026-09-23,approved,"Проверены страница конкретного файла, права и локальный актив.",
flag-sri-lanka,sri-lanka-national-flag,https://commons.wikimedia.org/wiki/File:Flag_of_Sri_Lanka.svg,https://upload.wikimedia.org/wikipedia/commons/1/11/Flag_of_Sri_Lanka.svg,Wikimedia Commons,"Sri Lanka (original design); Zscout370, Mike Rohsopht and later Wikimedia Commons editors (vector)",,Public domain in Sri Lanka — official national flag,https://commons.wikimedia.org/wiki/File:Flag_of_Sri_Lanka.svg,,2026-09-23,approved,"Проверены страница конкретного файла, права и локальный актив.",
emblem-sri-lanka,sri-lanka-national-emblem,https://commons.wikimedia.org/wiki/File:Emblem_of_Sri_Lanka.svg,https://upload.wikimedia.org/wikipedia/commons/5/5f/Emblem_of_Sri_Lanka.svg,Wikimedia Commons,S. M. Seneviratne (state design); Tonyjeff and later Wikimedia Commons editors (vector),,Public domain in Sri Lanka — original; vector dedicated to public domain,https://commons.wikimedia.org/wiki/File:Emblem_of_Sri_Lanka.svg,,2026-09-23,approved,"Проверены страница конкретного файла, права и локальный актив.",
emblem-chad,chad-coat-of-arms,https://commons.wikimedia.org/wiki/File:Coat_of_arms_of_Chad.svg,https://upload.wikimedia.org/wikipedia/commons/c/c1/Coat_of_arms_of_Chad.svg,Wikimedia Commons,Milenioscuro,Milenioscuro,CC BY 3.0,https://creativecommons.org/licenses/by/3.0/,"Milenioscuro / Wikimedia Commons, CC BY 3.0; без изменений.",2026-09-23,approved,"Проверены страница конкретного файла, права и локальный актив.",
photo-talampaya-canyon,talampaya-canyon,https://commons.wikimedia.org/wiki/File:Ca%C3%B1%C3%B3n_de_Talampaya.jpg,https://upload.wikimedia.org/wikipedia/commons/7/76/Ca%C3%B1%C3%B3n_de_Talampaya.jpg,Wikimedia Commons,José Alberto Villafañe,José Alberto Villafañe,CC BY-SA 4.0,https://creativecommons.org/licenses/by-sa/4.0/,"José Alberto Villafañe / Wikimedia Commons, CC BY-SA 4.0; без изменений.",2026-09-23,approved,"Проверены страница конкретного файла, права и локальный актив.",
photo-valle-de-la-luna-ischigualasto,valle-de-la-luna-ischigualasto,"https://commons.wikimedia.org/wiki/File:A_-_Valle_de_la_Luna,_el_hongo,_San_Juan,_Argentina.jpg",https://upload.wikimedia.org/wikipedia/commons/f/f3/A_-_Valle_de_la_Luna%2C_el_hongo%2C_San_Juan%2C_Argentina.jpg,Wikimedia Commons,M.Bustos,M.Bustos,CC BY-SA 4.0,https://creativecommons.org/licenses/by-sa/4.0/,"M.Bustos / Wikimedia Commons, CC BY-SA 4.0; без изменений.",2026-09-23,approved,"Проверены страница конкретного файла, права и локальный актив.",
flag-chile,chile-national-flag,https://commons.wikimedia.org/wiki/File:Flag_of_Chile.svg,https://upload.wikimedia.org/wikipedia/commons/7/78/Flag_of_Chile.svg,Wikimedia Commons,SVG flag maker (текущая версия SVG; история файла Wikimedia Commons),,CC0 1.0 / public domain in Chile,https://creativecommons.org/publicdomain/zero/1.0/,"SVG flag maker / Wikimedia Commons, CC0 1.0; государственный символ Чили, без изменений.",2026-09-23,approved,"Проверены страница конкретного файла, права и локальный актив.",
flag-chile-presidential-standard,chile-presidential-standard,https://commons.wikimedia.org/wiki/File:Presidential_Standard_of_Chile.svg,https://upload.wikimedia.org/wikipedia/commons/0/0a/Presidential_Standard_of_Chile.svg,Wikimedia Commons,James2813 (vector and composition); Heralder and Sodacan (coat elements),,CC BY-SA 4.0,https://creativecommons.org/licenses/by-sa/4.0/,"James2813, with coat elements by Heralder and Sodacan / Wikimedia Commons, CC BY-SA 4.0; без изменений.",2026-09-23,approved,"Проверены страница конкретного файла, права и локальный актив.",
emblem-chile,chile-coat-of-arms,https://commons.wikimedia.org/wiki/File:Coat_of_Arms_of_Chile.svg,https://upload.wikimedia.org/wikipedia/commons/1/13/Coat_of_Arms_of_Chile.svg,Wikimedia Commons,"James2813, with elements by Heralder and Sodacan",,CC BY-SA 4.0,https://creativecommons.org/licenses/by-sa/4.0/,"James2813, with elements by Heralder and Sodacan / Wikimedia Commons, CC BY-SA 4.0; без изменений.",2026-09-23,approved,"Проверены страница конкретного файла, права и локальный актив.",
emblem-chile-cockade,chile-national-cockade,https://commons.wikimedia.org/wiki/File:Escarapela_de_Chile.svg,https://upload.wikimedia.org/wikipedia/commons/a/a9/Escarapela_de_Chile.svg,Wikimedia Commons,B1mbo,,CC BY-SA 3.0,https://creativecommons.org/licenses/by-sa/3.0/,"B1mbo / Wikimedia Commons, CC BY-SA 3.0; без изменений.",2026-09-23,approved,"Проверены страница конкретного файла, права и локальный актив.",
photo-lake-menendez,lake-menendez,https://commons.wikimedia.org/wiki/File:Lago_Men%C3%A9ndez_-_Parque_Nacional_Los_Alerces_-_Chubut_-_Argentina_-_panoramio.jpg,https://upload.wikimedia.org/wikipedia/commons/f/ff/Lago_Men%C3%A9ndez_-_Parque_Nacional_Los_Alerces_-_Chubut_-_Argentina_-_panoramio.jpg,Wikimedia Commons,littletroll,littletroll,CC BY-SA 3.0,https://creativecommons.org/licenses/by-sa/3.0/,"littletroll / Wikimedia Commons, CC BY-SA 3.0; уменьшено до 1280 px.",2026-09-23,approved,"Проверены страница конкретного файла, права и локальный актив.",
photo-whitsunday-islands,whitsunday-islands,"https://commons.wikimedia.org/wiki/File:Whitehaven_Beach,_Whitsunday_Islands_National_Park.jpg",https://upload.wikimedia.org/wikipedia/commons/a/ad/Whitehaven_Beach%2C_Whitsunday_Islands_National_Park.jpg,Wikimedia Commons,Timothy Wakeham,Timothy Wakeham,CC BY-SA 4.0,https://creativecommons.org/licenses/by-sa/4.0/,"Timothy Wakeham / Wikimedia Commons, CC BY-SA 4.0; уменьшено до 1280 px.",2026-09-23,approved,"Проверены страница конкретного файла, права и локальный актив.",
photo-hinchinbrook-island,hinchinbrook-island,https://commons.wikimedia.org/wiki/File:CSIRO_ScienceImage_4306_Hinchinbrook_Island_as_seen_from_Cardwell_QLD.jpg,https://upload.wikimedia.org/wikipedia/commons/e/e3/CSIRO_ScienceImage_4306_Hinchinbrook_Island_as_seen_from_Cardwell_QLD.jpg,Wikimedia Commons,Willem van Aken / CSIRO,CSIRO,CC BY 3.0,https://creativecommons.org/licenses/by/3.0/,"Willem van Aken / CSIRO / Wikimedia Commons, CC BY 3.0; уменьшено до 1280 px.",2026-09-23,approved,"Проверены страница конкретного файла, права и локальный актив.",
photo-lord-howe-island,lord-howe-island,https://commons.wikimedia.org/wiki/File:Lord_Howe_Island_view_to_Mount_Gower.JPG,https://upload.wikimedia.org/wikipedia/commons/4/4b/Lord_Howe_Island_view_to_Mount_Gower.JPG,Wikimedia Commons,Inas66,Inas66,CC BY-SA 3.0,https://creativecommons.org/licenses/by-sa/3.0/,"Inas66 / Wikimedia Commons, CC BY-SA 3.0; уменьшено до 1280 px.",2026-09-23,approved,"Проверены страница конкретного файла, права и локальный актив.",
photo-balls-pyramid,balls-pyramid,https://commons.wikimedia.org/wiki/File:Balls_Pyramid_near_Lord_Howe_Island.jpg,https://upload.wikimedia.org/wikipedia/commons/b/b2/Balls_Pyramid_near_Lord_Howe_Island.jpg,Wikimedia Commons,JillBBruce,JillBBruce,CC BY-SA 4.0,https://creativecommons.org/licenses/by-sa/4.0/,"JillBBruce / Wikimedia Commons, CC BY-SA 4.0; уменьшено до 1280 px.",2026-09-23,approved,"Проверены страница конкретного файла, права и локальный актив.",
photo-hamelin-pool,hamelin-pool,https://commons.wikimedia.org/wiki/File:Hamelin_Pool_Stromatolites.jpg,https://upload.wikimedia.org/wikipedia/commons/9/90/Hamelin_Pool_Stromatolites.jpg,Wikimedia Commons,Allison Coleman,Allison Coleman,CC BY-SA 4.0,https://creativecommons.org/licenses/by-sa/4.0/,"Allison Coleman / Wikimedia Commons, CC BY-SA 4.0; без изменений.",2026-09-23,approved,"Проверены страница конкретного файла, права и локальный актив.",
photo-shell-beach-shark-bay,shell-beach-shark-bay,"https://commons.wikimedia.org/wiki/File:Shell_Beach,_Shark_Bay,_July_2020_04.jpg",https://upload.wikimedia.org/wikipedia/commons/b/bc/Shell_Beach%2C_Shark_Bay%2C_July_2020_04.jpg,Wikimedia Commons,Calistemon,Calistemon,CC BY-SA 4.0,https://creativecommons.org/licenses/by-sa/4.0/,"Calistemon / Wikimedia Commons, CC BY-SA 4.0; уменьшено до 1280 px.",2026-09-23,approved,"Проверены страница конкретного файла, права и локальный актив.",
photo-boorangoora-lake-mckenzie,boorangoora-lake-mckenzie,https://commons.wikimedia.org/wiki/File:Lake_McKenzie_landscape.jpg,https://upload.wikimedia.org/wikipedia/commons/9/90/Lake_McKenzie_landscape.jpg,Wikimedia Commons,UrbanDruid,UrbanDruid,CC BY-SA 4.0,https://creativecommons.org/licenses/by-sa/4.0/,"UrbanDruid / Wikimedia Commons, CC BY-SA 4.0; уменьшено до 1280 px.",2026-09-23,approved,"Проверены страница конкретного файла, права и локальный актив.",
photo-victoria-fossil-cave,victoria-fossil-cave,https://commons.wikimedia.org/wiki/File:Victoria_Fossil_Cave_at_Naracoorte_Caves.jpg,https://upload.wikimedia.org/wikipedia/commons/2/2e/Victoria_Fossil_Cave_at_Naracoorte_Caves.jpg,Wikimedia Commons,KTWPhotography,KTWPhotography,CC BY-SA 4.0,https://creativecommons.org/licenses/by-sa/4.0/,"KTWPhotography / Wikimedia Commons, CC BY-SA 4.0; уменьшено до 1280 px.",2026-09-23,approved,"Проверены страница конкретного файла, права и локальный актив.",
photo-three-sisters-blue-mountains,three-sisters-blue-mountains,"https://commons.wikimedia.org/wiki/File:Three_Sisters,_Blue_Mountains.jpg",https://upload.wikimedia.org/wikipedia/commons/9/9e/Three_Sisters%2C_Blue_Mountains.jpg,Wikimedia Commons,Cqui,Cqui,CC BY-SA 3.0,https://creativecommons.org/licenses/by-sa/3.0/,"Cqui / Wikimedia Commons, CC BY-SA 3.0; уменьшено до 1280 px.",2026-09-23,approved,"Проверены страница конкретного файла, права и локальный актив.",
photo-big-ben-volcano,big-ben-volcano,https://commons.wikimedia.org/wiki/File:Big_Ben_Heard_Island.jpg,https://upload.wikimedia.org/wikipedia/commons/1/1a/Big_Ben_Heard_Island.jpg,Wikimedia Commons,laikolosse,laikolosse,CC BY 2.0,https://creativecommons.org/licenses/by/2.0/,"laikolosse / Wikimedia Commons, CC BY 2.0; уменьшено до 1280 px.",2026-09-23,approved,"Проверены страница конкретного файла, права и локальный актив.",
photo-macquarie-island,macquarie-island,https://commons.wikimedia.org/wiki/File:MacquarieIslandBeach.JPG,https://upload.wikimedia.org/wikipedia/commons/d/df/MacquarieIslandBeach.JPG,Wikimedia Commons,Hullwarren,Hullwarren,CC BY-SA 3.0,https://creativecommons.org/licenses/by-sa/3.0/,"Hullwarren / Wikimedia Commons, CC BY-SA 3.0; без изменений.",2026-09-23,approved,"Проверены страница конкретного файла, права и локальный актив.",
photo-wentworth-falls,wentworth-falls,"https://commons.wikimedia.org/wiki/File:Wentworth_Falls,_Blue_Mountains,_New_South_Wales_(483631)_(9440561905).jpg",https://upload.wikimedia.org/wikipedia/commons/1/11/Wentworth_Falls%2C_Blue_Mountains%2C_New_South_Wales_%28483631%29_%289440561905%29.jpg,Wikimedia Commons,Robert Linsdell,Robert Linsdell,CC BY 2.0,https://creativecommons.org/licenses/by/2.0/,"Robert Linsdell / Wikimedia Commons, CC BY 2.0; уменьшено до 960 px по ширине.",2026-09-23,approved,"Проверены страница конкретного файла, права и локальный актив.",
photo-bungle-bungle-range,bungle-bungle-range,https://commons.wikimedia.org/wiki/File:Bungle_Bungles_range.jpg,https://upload.wikimedia.org/wikipedia/commons/3/3f/Bungle_Bungles_range.jpg,Wikimedia Commons,Nichollas Harrison,Nichollas Harrison,CC BY-SA 4.0,https://creativecommons.org/licenses/by-sa/4.0/,"Nichollas Harrison / Wikimedia Commons, CC BY-SA 4.0; уменьшено до 960 px по ширине.",2026-09-23,approved,"Проверены страница конкретного файла, права и локальный актив.",
photo-echidna-chasm,echidna-chasm,https://commons.wikimedia.org/wiki/File:Echidna_chasm_WA.jpg,https://upload.wikimedia.org/wikipedia/commons/1/1c/Echidna_chasm_WA.jpg,Wikimedia Commons,Graeme Churchard,Graeme Churchard,CC BY 2.0,https://creativecommons.org/licenses/by/2.0/,"Graeme Churchard / Wikimedia Commons, CC BY 2.0; уменьшено до 960 px по ширине.",2026-09-23,approved,"Проверены страница конкретного файла, права и локальный актив.",
photo-ningaloo-reef,ningaloo-reef,https://commons.wikimedia.org/wiki/File:00_1870_Ningaloo_Reef_-_Westaustralien.jpg,https://upload.wikimedia.org/wikipedia/commons/3/38/00_1870_Ningaloo_Reef_-_Westaustralien.jpg,Wikimedia Commons,W. Bulach,W. Bulach,CC BY-SA 4.0,https://creativecommons.org/licenses/by-sa/4.0/,"W. Bulach / Wikimedia Commons, CC BY-SA 4.0; уменьшено до 1280 px по ширине.",2026-09-23,approved,"Проверены страница конкретного файла, права и локальный актив.",
photo-cathedral-gorge-purnululu,cathedral-gorge-purnululu,https://commons.wikimedia.org/wiki/File:00_2152_Purnululu_National_Park_-_Cathedrale_Gorge.jpg,https://upload.wikimedia.org/wikipedia/commons/8/87/00_2152_Purnululu_National_Park_-_Cathedrale_Gorge.jpg,Wikimedia Commons,W. Bulach,W. Bulach,CC BY-SA 4.0,https://creativecommons.org/licenses/by-sa/4.0/,"W. Bulach / Wikimedia Commons, CC BY-SA 4.0; уменьшено до 1280 px по ширине.",2026-09-23,approved,"Проверены страница конкретного файла, права и локальный актив.",
photo-vjetrenica-cave,vjetrenica-cave,https://commons.wikimedia.org/wiki/File:Vjetrenica_Cave_Inside_2024.jpg,https://upload.wikimedia.org/wikipedia/commons/f/fc/Vjetrenica_Cave_Inside_2024.jpg,Wikimedia Commons,Bdx,Bdx,CC0 1.0,https://creativecommons.org/publicdomain/zero/1.0/,"Bdx / Wikimedia Commons, CC0 1.0; уменьшено до 1280 px по ширине.",2026-09-23,approved,"Проверены страница конкретного файла, права и локальный актив.",
