source_id,title,publisher,source_type,url,accessed_at,supports
mx-symbols,"Escudo y lábaro patrio, simbolismo de historia, mito y biodiversidad","Правительство Мексики, SEMARNAT",government,https://www.gob.mx/semarnat/articulos/escudo-y-labaro-patrio-simbolismo-de-historia-mito-y-biodiversidad-217105,2026-09-22,Существующая опубликованная карточка
mx-flag-history,Bandera: símbolo de identidad y unidad,Национальный институт антропологии и истории Мексики,government,https://www.inah.gob.mx/foto-del-dia/bandera-simbolo-de-identidad-y-unidad,2026-09-22,Существующая опубликованная карточка
in-flag,Indian Tricolor,Национальный портал Индии,government,https://knowindia.india.gov.in/my-india-my-pride/indian-tricolor.php,2026-09-22,Существующая опубликованная карточка
in-emblem,National Emblem,Government of India,government,https://www.presentations.gov.in/logos/national-emblem/,2026-09-22,Существующая опубликованная карточка
br-flag,Bandeira Nacional,Правительство Бразилии,government,https://www.gov.br/planalto/pt-br/conheca-a-presidencia/biblioteca-da-pr/simbolos-nacionais/bandeira/bandeira-nacional,2026-09-22,Существующая опубликованная карточка
br-arms,Armas Nacionais,Правительство Бразилии,government,https://www.gov.br/planalto/pt-br/conheca-a-presidencia/biblioteca-da-pr/simbolos-nacionais/brasao-da-republica,2026-09-22,Существующая опубликованная карточка
br-arms-detail,Manual de Identidade Visual,Министерство обороны Бразилии,government,https://www.gov.br/defesa/pt-br/arquivos/ajuste-01/lai/institucional/identidade_visual/copy_of_manual_2_atualizado_2023_versao_site.pdf,2026-09-22,Существующая опубликованная карточка
ca-flag,Description of the National Flag of Canada,Правительство Канады,government,https://www.canada.ca/en/canadian-heritage/services/flag-canada-description.html,2026-09-22,Существующая опубликованная карточка
ca-flag-history,Origin of Canada's Flag,Правительство Канады,government,https://www.canada.ca/en/canadian-heritage/services/flag-canada-origin.html,2026-09-22,Существующая опубликованная карточка
za-arms,National Symbols,Президентство ЮАР,government,https://www.presidency.gov.za/national-symbols-0,2026-09-22,Существующая опубликованная карточка
grca-stat,Park Statistics,Служба национальных парков США,national_park,https://home.nps.gov/grca/learn/management/statistics.htm,2026-09-22,Существующая опубликованная карточка
grca-geology,Geology,Служба национальных парков США,national_park,https://home.nps.gov/grca/learn/nature/grca-geology.htm,2026-09-22,Существующая опубликованная карточка
uluru-geology,Uluru-Kata Tjuta geology fact sheet,Parks Australia,national_park,https://api.parksaustralia.gov.au/sites/default/files/2023-09/uktnp-a4factsheet-geology_23-sept.pdf,2026-09-22,Существующая опубликованная карточка
uluru-facts,Uluru-Kata Tjuta media handbook,Parks Australia,national_park,https://parksaustralia.gov.au/uluru/pub/uluru-kata-tjuta-media-handbook.pdf,2026-09-22,Существующая опубликованная карточка
fuji-unesco,"Fujisan, sacred place and source of artistic inspiration",ЮНЕСКО,unesco,https://whc.unesco.org/en/list/1418,2026-09-22,Существующая опубликованная карточка
falls-unesco,Mosi-oa-Tunya / Victoria Falls,ЮНЕСКО,unesco,https://whc.unesco.org/en/list/509,2026-09-22,Существующая опубликованная карточка
un-member-states,Member States,United Nations,other_authoritative,https://www.un.org/about-us/member-states,2026-09-22,Состав 193 государств — членов ООН
un-observer-states,Non-Member States,United Nations,other_authoritative,https://www.un.org/en/node/123012,2026-09-22,Святой Престол и Государство Палестина как государства-наблюдатели
un-m49,Standard country or area codes for statistical use (M49),United Nations Statistics Division,other_authoritative,https://unstats.un.org/unsd/methodology/m49/overview/,2026-09-22,Коды и региональная классификация стран
af-constitution-2004,Enforced Constitution of Afghanistan (2004),Ministry of Justice of Afghanistan,government,https://moj.gov.af/en/node/450,2026-09-22,Исторически действовавшие флаг и национальная эмблема Исламской Республики; не подтверждает нынешний статус после 2021 года
al-president-symbols,Simbolet e Republikës,President of the Republic of Albania,government,https://president.al/simbolet/,2026-09-22,Официальный вид и описание флага и герба Албании
al-constitution,Kushtetuta e Republikës së Shqipërisë,President of the Republic of Albania,law,https://www.president.al/wp-content/uploads/2018/04/kushtetuta.pdf,2026-09-22,"Конституционный статус и состав флага и герба, статья 14"
dz-flag-law-1963,Loi n° 63-145 du 25 avril 1963 portant caractéristiques de l'emblème national algérien,Journal officiel de la République algérienne,law,https://www.joradp.dz/FTP/Jo-Francais/1963/F1963026.pdf,2026-09-22,Официальные характеристики национального флага Алжира
dz-constitution-2008,Loi n° 08-19 portant révision constitutionnelle,Journal officiel de la République algérienne,law,https://www.joradp.dz/FTP/jo-francais/2008/F2008063.pdf,2026-09-22,Конституционный статус национальной эмблемы и упоминание государственной печати
ad-state-signs-law,"Llei sobre la utilització dels signes d’Estat, versió consolidada",Govern d’Andorra,law,https://www.govern.ad/documents/d/guest/llei_se_versio_consolidada_2022-pdf?download=true,2026-09-22,Состав традиционных герба и флага; допустимое отсутствие герба в отдельных уменьшенных форматах
ad-state-signs-office,Sobre els signes d’Estat,Govern d’Andorra,government,https://www.govern.ad/ca/tematiques/empresa-i-emprenedoria/ompa/signes-d-estat/sobre-els-signes-d-estat,2026-09-22,Компетентный орган по флагу и гербу Андорры
ao-national-symbols,Símbolos Nacionais,Portal Oficial do Governo de Angola,government,https://governo.gov.ao/angola/simbolos-nacionais,2026-09-22,"Официальный статус, вид и значение элементов флага и Insígnia da República Анголы"
ag-national-symbols,Our National Symbols,Government of Antigua and Barbuda,government,https://www.ab.gov.ag/detail_template.php?page=aboutAB%2Four_national_symbols,2026-09-22,Официальное описание и символика флага и герба Антигуа и Барбуды
az-state-symbols,Государственные символы Азербайджана,Президент Азербайджанской Республики,government,https://president.az/ru/pages/view/azerbaijan/symbols,2026-09-22,"Официальный статус, вид и описание государственного флага и герба Азербайджана"
az-flag-law,Конституционный закон об изображении Государственного флага Азербайджанской Республики,Президент Азербайджанской Республики,law,https://president.az/ru/articles/view/30708,2026-09-22,Юридическое описание государственного флага Азербайджана
ar-flag,Bandera Nacional Argentina,Argentina.gob.ar,government,https://www.argentina.gob.ar/pais/simbolos/bandera,2026-09-22,Официальный статус и описание флага Аргентины с Солнцем мая
ar-symbols-decree,Decreto 10.302/1944: Símbolos Nacionales,"Argentina.gob.ar, Información Legislativa",law,https://www.argentina.gob.ar/normativa/nacional/59311/actualizacion,2026-09-22,"Правовые образцы флага, герба и других национальных символов Аргентины"
au-national-flag,Australian National Flag,"Department of the Prime Minister and Cabinet, Australia",government,https://www.pmc.gov.au/honours-and-symbols/australian-national-symbols/australian-national-flag,2026-09-22,Официальный статус и элементы национального флага Австралии
au-flags,Australian flags,"Department of the Prime Minister and Cabinet, Australia",government,https://www.pmc.gov.au/honours-and-symbols/australian-national-symbols/australian-flags,2026-09-22,Статус Australian Red Ensign и границы национальных и служебных флагов
au-coat-of-arms,Commonwealth Coat of Arms,"Department of the Prime Minister and Cabinet, Australia",government,https://www.pmc.gov.au/honours-and-symbols/commonwealth-coat-arms,2026-09-22,"Официальный статус, элементы и использование герба Австралийского Союза"
at-constitution-art-8a,Bundes-Verfassungsgesetz Art. 8a,Rechtsinformationssystem des Bundes,law,https://ris.bka.gv.at/eli/bgbl/1930/1/A8a/NOR40045733,2026-09-22,Конституционное описание флага и федерального герба Австрии
at-arms-law-sec-3,Wappengesetz § 3,Rechtsinformationssystem des Bundes,law,https://ris.bka.gv.at/NormDokument.wxe?Abfrage=Bundesnormen&Gesetzesnummer=10000782&Paragraf=3,2026-09-22,Описание флага Республики и служебного флага Федерации с гербом
bs-symbols-law,The Flags and Coat of Arms (Regulation) Act,Laws of The Bahamas,law,https://laws.bahamas.gov.bs/cms/images/LEGISLATION/PRINCIPAL/1973/1973-0020/1973-0020_1.pdf,2026-09-22,Правовое описание флага и герба Багамских Островов
bh-constitution,The Constitution of the Kingdom of Bahrain,"Legislation and Legal Opinion Commission, Bahrain",law,https://www.legalaffairs.gov.bh/en/page/The%20Constitution%20of%20the%20Kingdom%20of%20Bahrain,2026-09-22,Статья 3: флаг и эмблема Королевства определяются законом
bh-flag-law-reference,Royal Order No. 16 of 2024 concerning the Silver Jubilee Flag,"Legislation and Legal Opinion Commission, Bahrain",law,https://www.legalaffairs.gov.bh/Legislation/HTM/O1624,2026-09-22,Подтверждает действующий Закон № 4 от 2002 года о флаге Бахрейна
bh-emblem-amendment-2022,Legislative Decree No. 3 of 2022 amending Law No. 27 of 2006 concerning the emblem of the Kingdom of Bahrain,Official Gazette of Bahrain,law,https://www.legalaffairs.gov.bh/OG/3638.pdf,2026-09-22,Современное юридическое описание эмблемы Бахрейна
iguazu-unesco-ar,Iguazu National Park,ЮНЕСКО,unesco,https://whc.unesco.org/en/list/303,2026-09-22,Положение и природная значимость водопадов и национального парка в Аргентине
iguacu-unesco-br,Iguaçu National Park,ЮНЕСКО,unesco,https://whc.unesco.org/en/list/355,2026-09-22,Природная значимость водопадов и национального парка в Бразилии
great-barrier-reef-unesco,Great Barrier Reef,ЮНЕСКО,unesco,https://whc.unesco.org/en/list/154,2026-09-22,Масштаб и природная значимость Большого Барьерного рифа
okavango-unesco,Okavango Delta,ЮНЕСКО,unesco,https://whc.unesco.org/en/list/1432,2026-09-22,Тип внутренней дельты и сезонный гидрологический цикл Окаванго
plitvice-unesco,Plitvice Lakes National Park,ЮНЕСКО,unesco,https://whc.unesco.org/en/list/98,2026-09-22,Каскад озёр и процесс образования туфовых барьеров
socotra-unesco,Socotra Archipelago,ЮНЕСКО,unesco,https://whc.unesco.org/en/list/1263,2026-09-22,Положение архипелага и высокий уровень эндемизма
bd-constitution-art-4,"The Constitution of the People's Republic of Bangladesh, article 4","Legislative and Parliamentary Affairs Division, Bangladesh",law,https://bdlaws.minlaw.gov.bd/act-print-367/section-print-24551.html,2026-09-23,Официальное описание национального флага и национальной эмблемы Бангладеш
bd-flag-rules-1972,"People's Republic of Bangladesh Flag Rules, 1972","Cabinet Division, Government of Bangladesh",law,https://file.mofa.gov.bd/uploads/17a82527-2d2c-43fa-a913-76a534396210/667/28a/b0a/66728ab0a55a7907618245.pdf,2026-09-23,"Правовой статус, конструкция и пропорции национального флага Бангладеш"
bd-mofa-flag-meaning,Official Flag,"Ministry of Foreign Affairs, Bangladesh",government,https://file.mofa.gov.bd/uploads/fc62c7e3-a682-44ed-bb28-99e741c6cd53/639/52a/fdd/63952afdd3fd6124877543.pdf,2026-09-23,Официальное объяснение красного круга как восходящего солнца и памяти о жертвах борьбы за свободу
am-president-state-symbols,State symbols of the Republic of Armenia,Office of the President of the Republic of Armenia,government,https://www.president.am/en/state-symbols/,2026-09-23,Официальный вид и история флага и государственного герба Армении
bb-national-emblems-regulations,"National Emblems and National Anthem of Barbados Regulations, CAP. 300A","Laws of Barbados, Government Printer",law,https://www.barbadoslawcourts.gov.bb/assets/content/pdfs/subsidiary_legislation_of_barbados/NationalEmblemsandNationalAnthemofBarbadosRegulations%2C1976Cap300A%27A.pdf,2026-09-23,Юридическое описание национального флага с трезубцем и герба Барбадоса
bb-government-coat-of-arms,Coat of Arms,Official Website of the Barbados Government,government,https://www.gov.bb/Visit-Barbados/coat-of-arms,2026-09-23,"Вид, происхождение и объяснение элементов герба Барбадоса"
be-government-flags,Belgian flags,"Belgium.be, Belgian federal government",government,https://www.belgium.be/en/about_belgium/country/belgium_in_nutshell/symbols/flags,2026-09-23,Три полосы национального флага; отличает региональные флаги от национального
be-government-arms,Heraldic emblem and motto,"Belgium.be, Belgian federal government",government,https://www.belgium.be/en/about_belgium/country/belgium_in_nutshell/symbols/coats_of_arms,2026-09-23,Официальный геральдический знак: золотой лев на чёрном поле с красными когтями и языком
bt-constitution-first-schedule,"The Constitution of the Kingdom of Bhutan, Article 1 and First Schedule","Royal Civil Service Commission, Kingdom of Bhutan",law,https://www.rcsc.gov.bt/wp-content/uploads/2021/02/Constitution-of-Bhutan-Eng-2008.pdf,2026-09-23,Официальный вид и значение элементов национального флага и национальной эмблемы Бутана
bo-constitution-art-6,"Constitución Política del Estado Plurinacional de Bolivia, Artículo 6","Servicio Nacional de Propiedad Intelectual, Bolivia",law,https://www.senapi.gob.bo/normativas/constitucion-politica-del-estado/constitucion-politica-del-estado-plurinacional-de-bolivia,2026-09-23,"Конституционный перечень государственных символов: триколор, герб и Wiphala"
bo-decree-241-official-register,"Gaceta Oficial, edición 125ESP: Decreto Supremo N° 241, Símbolos del Estado",Gaceta Oficial del Estado Plurinacional de Bolivia,law,https://www.gacetaoficialdebolivia.gob.bo/edicions/view/125ESP,2026-09-23,Официальная публикация указа о характеристиках и использовании государственных символов
bo-decree-241-parliament-copy,"Decreto Supremo 241, text reproduced in parliamentary material","Cámara de Diputados, Asamblea Legislativa Plurinacional de Bolivia",government,https://diputados.gob.bo/wp-content/uploads/2023/02/PL-137-2022-2023.pdf,2026-09-23,Текст определения государственных флагов Боливии как триколора и Wiphala
baikal-unesco,Lake Baikal,UNESCO World Heritage Centre,unesco,https://whc.unesco.org/en/list/754,2026-09-23,"Озеро Байкал как конкретный природный объект; расположение, древность, глубина и природная значимость. Измерения и рекорды требуют отдельной проверки методики перед публикацией."
namib-sand-sea-unesco,Namib Sand Sea,UNESCO World Heritage Centre,unesco,https://whc.unesco.org/en/list/1430,2026-09-23,Именованная прибрежная песчаная пустыня в Намибии; дюны и влияние тумана
kilimanjaro-unesco,Kilimanjaro National Park,UNESCO World Heritage Centre,unesco,https://whc.unesco.org/en/list/403,2026-09-23,Вулканический массив Килиманджаро как конкретный объект внутри национального парка
jeju-volcanic-unesco,Jeju Volcanic Island and Lava Tubes,UNESCO World Heritage Centre,unesco,https://whc.unesco.org/en/list/1264,2026-09-23,"Три отдельно названных компонента: система лавовых трубок Geomunoreum, туфовый конус Seongsan Ilchulbong и гора Hallasan"
ba-flag-law-parliament,Zakon o zastavi Bosne i Hercegovine — consolidated text (2016),Parlamentarna skupština Bosne i Hercegovine,law,https://www.parlament.ba/law/DownloadDocument?langTag=bs&lawDocumentId=39682910-7bc4-4b7e-a326-5d6c59109acd,2026-09-23,"Закон описывает синий флаг, жёлтый треугольник и ряд белых пятиконечных звёзд, его государственный статус и официальное использование"
ba-coat-law-ohr,Decision on the shape and design of the coat-of-arms of BiH,Office of the High Representative for Bosnia and Herzegovina,law,https://www.ohr.int/decision-on-the-shape-and-design-of-the-coat-of-arms-of-bih/,2026-09-23,Официальный герб в форме синего щита с жёлтым треугольником и белыми пятиконечными звёздами; допустимость образовательного использования
bw-national-symbols-bopa,National symbols stand test of time,Botswana Press Agency / DailyNews,government_publication,https://dailynews.gov.bw/news-detail/31255,2026-09-23,"Правительственное издание описывает национальный флаг, президентский штандарт и герб Ботсваны, их видимые элементы и отдельные официально опубликованные толкования"
bw-national-emblems-government,Use of National Emblems,Government of Botswana — Office of the President,government_publication,https://www.gov.bw/sale-goods-and-services/use-national-emblems,2026-09-23,Правительственный порядок отдельно называет флаг и герб Республики Ботсвана национальными эмблемами
br-symbols-law-5700,"Lei nº 5.700, de 1º de setembro de 1971 — texto compilado",Presidência da República do Brasil,law,https://www.planalto.gov.br/ccivil_03/leis/l5700compilado.htm,2026-09-23,"Закон отдельно определяет национальный флаг, государственный герб и национальную печать; статья 9 описывает небесную сферу, звёзды и надпись на печати"
br-ceremonial-decree-70274,"Decreto nº 70.274, de 9 de março de 1972 — normas do cerimonial público",Presidência da República do Brasil,law,https://www.presidencia.gov.br/ccivil_03/decreto/d70274.htm,2026-09-23,Указ предусматривает президентский и вице-президентский штандарты при официальном церемониале
bz-national-symbols-act-2025,"National Symbols Act, 2025 (Act No. 9 of 2025)",Attorney General's Ministry of Belize,law,https://www.agm.gov.bz/uploads/laws/67fe7b9cbe9a7_Act_No._09_of_2025_National_Symbols_Act__2025.pdf,2026-09-23,"Закон объявляет флаг и герб национальными символами, даёт их подробный рисунок в приложениях I и IV и закрепляет авторские права на их дизайн за Короной бессрочно"
bz-merchant-ships-2010,"Merchant Ships (Registration) Act, 2010 (No. 22 of 2010)",Government of Belize,law,https://ifsc.gov.bz/wp-content/uploads/2019/10/Merchant-Ships-Registration-Act-2010-No.-22-of-2010.pdf,2026-09-23,Статья 28 предписывает белизским судам национальный флаг и исключает отдельный гражданский морской флаг в этой сфере
